id,road,name,lat,lon,length,model_type
1,N1,LRPS,23.7060278,90.443333,814.0,source
2,N1,LRPSa,23.7029167,90.4504167,8.000000000000007,link
3,N1,LRPSb,23.7027778,90.4504722,178.00000000000006,link
4,N1,LRP001,23.7021389,90.4519722,1000.0,link
5,N1,LRP002,23.6978886,90.4605833,129.9999999999999,link
6,N1,LRP002a,23.6973608,90.4616667,870.0000000000001,link
7,N1,LRP003,23.693833,90.4691382,1000.0,link
8,N1,LRP004,23.6936108,90.4787771,174.99999999999983,link
9,N1,LRP004a,23.6938052,90.4805271,825.0000000000002,link
10,N1,LRP005,23.6947497,90.4884997,1000.0,link
11,N1,LRP006,23.6959163,90.4981941,1000.0,link
12,N1,LRP007,23.697333,90.50775,181.00000000000006,link
13,N1,LRP007a,23.6979163,90.5092778,819.0,link
14,N1,LRP008,23.7020556,90.5157222,10.999999999999233,link
15,N1,LRP008a,23.7021111,90.5157778,418.000000000001,link
16,N1,LRP008b,23.7045833,90.5188327,394.23,bridge
17,N1,LRP008b,23.7045833,90.5188327,397.0,bridge
18,N1,LRP009,23.7050278,90.5193327,259.9999999999998,link
19,N1,LRP009a,23.7060833,90.5215271,740.0000000000002,link
20,N1,LRP010,23.7025278,90.5273882,112.0000000000001,link
21,N1,LRP010a,23.7015278,90.5281938,8.0,bridge
22,N1,LRP010b,23.6998608,90.5307216,6.3,bridge
23,N1,LRP010c,23.6974163,90.5337774,6.3,bridge
24,N1,LRP011,23.6966386,90.5348052,381.99999999999966,link
25,N1,LRP011a,23.6943608,90.5376108,8.3,bridge
26,N1,LRP011b,23.6922774,90.5410552,183.99999999999926,link
27,N1,LRP012,23.6918052,90.5426108,247.99999999999932,link
28,N1,LRP012a,23.6911108,90.5448886,9.3,bridge
29,N1,LRP012b,23.6910552,90.5451386,6.1,bridge
30,N1,LRP012c,23.6904163,90.546583,587.9999999999992,link
31,N1,LRP013,23.6865274,90.5504167,148.00000000000148,link
32,N1,LRP013a,23.6854997,90.5512778,27.5,bridge
33,N1,LRP013a,23.6854997,90.5512778,26.3,bridge
34,N1,LRP013a,23.6854997,90.5512778,26.3,bridge
35,N1,LRP014,23.678166,90.5556111,1000.0,link
36,N1,LRP015,23.670916,90.5597778,39.00000000000148,link
37,N1,LRP015a,23.6705827,90.5599722,960.9999999999985,link
38,N1,LRP016,23.6628333,90.5641111,411.00000000000136,link
39,N1,LRP016a,23.6604167,90.5671104,5.55,bridge
40,N1,LRP016b,23.6591111,90.5697216,160.00000000000014,link
41,N1,LRP016c,23.6583056,90.5709993,121.99999999999989,link
42,N1,LRP017,23.6575,90.5719716,306.99999999999864,link
43,N1,LRP017a,23.6559722,90.5743327,21.000000000000796,link
44,N1,LRP017b,23.6559167,90.5745271,159.52,bridge
45,N1,LRP017b,23.6559167,90.5745271,159.5,bridge
46,N1,LRP017c,23.6540556,90.5772771,30.000000000001137,link
47,N1,LRP017d,23.6539167,90.5774993,289.99999999999915,link
48,N1,LRP018,23.6525278,90.5798882,338.99999999999864,link
49,N1,LRP018a,23.6508889,90.5826382,20.5,bridge
50,N1,LRP018a,23.6508889,90.5826382,20.0,bridge
51,N1,LRP018a,23.6508889,90.5826382,20.0,bridge
52,N1,LRP018b,23.6506944,90.5829993,20.45,bridge
53,N1,LRP019,23.6476108,90.588083,353.9999999999992,link
54,N1,LRP019a,23.6449441,90.5899163,40.5,bridge
55,N1,LRP019a,23.6449441,90.5899163,40.5,bridge
56,N1,LRP019a,23.6449441,90.5899163,40.4,bridge
57,N1,LRP019b,23.6397497,90.5926941,40.33,bridge
58,N1,LRP020,23.6396941,90.5927219,519.9999999999995,link
59,N1,LRP020a,23.6358608,90.5948052,6.0,bridge
60,N1,LRP020b,23.6341108,90.5970274,10.4,bridge
61,N1,LRP020c,23.6335552,90.5976941,82.00000000000074,link
62,N1,LRP021,23.6330549,90.5982774,974.9999999999978,link
63,N1,LRP021a,23.6262771,90.6042222,130.00000000000256,link
64,N1,LRP022,23.6252216,90.6049722,135.99999999999923,link
65,N1,LRP022a,23.6242216,90.6055278,5.5,bridge
66,N1,LRP022b,23.6224993,90.6066944,259.00000000000034,link
67,N1,LRP022c,23.6204716,90.6079722,121.99999999999989,link
68,N1,LRP022d,23.6195271,90.6085833,255.00000000000256,link
69,N1,LRP023,23.6173604,90.6096944,934.9999999999987,link
70,N1,LRP023a,23.6095556,90.6121944,224.8,bridge
71,N1,LRP023a,23.6095556,90.6121944,213.5,bridge
72,N1,LRP023a,23.6095556,90.6121944,214.09,bridge
73,N1,LRP024,23.609,90.6124722,873.9999999999987,link
74,N1,LRP024a,23.6018611,90.6159722,924.85,bridge
75,N1,LRP024a,23.6018611,90.6159722,900.0,bridge
76,N1,LRP025,23.6009444,90.6165556,1000.0,link
77,N1,LRP026,23.5959997,90.624666,9.99999999999801,link
78,N1,LRP026a,23.5959441,90.6246938,5.6,bridge
79,N1,LRP026b,23.5917497,90.6293327,5.5,bridge
80,N1,LRP027,23.5896108,90.6313882,873.9999999999987,link
81,N1,LRP027a,23.5837497,90.6369441,5.6,bridge
82,N1,LRP028,23.5828327,90.6378886,38.999999999997925,link
83,N1,LRP028a,23.5825827,90.6381386,173.25,bridge
84,N1,LRP028a,23.5825827,90.6381386,163.5,bridge
85,N1,LRP028b,23.577916,90.6419719,172.1,bridge
86,N1,LRP028c,23.5776104,90.6421108,396.0000000000008,link
87,N1,LRP029,23.5745271,90.6436941,307.99999999999983,link
88,N1,LRP029a,23.572166,90.6451108,29.85,bridge
89,N1,LRP029a,23.572166,90.6451108,29.0,bridge
90,N1,LRP029a,23.572166,90.6451108,29.0,bridge
91,N1,LRP029b,23.5718327,90.6453052,29.77,bridge
92,N1,LRP030,23.5666111,90.6481663,367.9999999999985,link
93,N1,LRP030a,23.5639167,90.6501944,34.7,bridge
94,N1,LRP030b,23.5636944,90.6504722,532.0,link
95,N1,LRP030c,23.5604167,90.6542222,38.000000000000256,link
96,N1,LRP030d,23.5602222,90.6545,39.00000000000148,link
97,N1,LRP031,23.5599722,90.6548056,161.99999999999903,link
98,N1,LRP031a,23.5590278,90.6559444,27.4,bridge
99,N1,LRP031a,23.5590278,90.6559444,27.4,bridge
100,N1,LRP031a,23.5590278,90.6559444,26.3,bridge
101,N1,LRP031a,23.5590278,90.6559444,26.3,bridge
102,N1,LRP031b,23.5564444,90.6588611,40.0000000000027,link
103,N1,LRP031c,23.5562222,90.6591389,394.99999999999955,link
104,N1,LRP032,23.5538056,90.6619722,241.99999999999733,link
105,N1,LRP032a,23.5523333,90.6636667,29.85,bridge
106,N1,LRP032a,23.5523333,90.6636667,29.0,bridge
107,N1,LRP032a,23.5523333,90.6636667,29.0,bridge
108,N1,LRP033,23.5487497,90.6678327,224.00000000000375,link
109,N1,LRP033a,23.5474163,90.6694438,9.1,bridge
110,N1,LRP033b,23.5469441,90.6699993,5.2,bridge
111,N1,LRP033c,23.5442219,90.6731104,256.0000000000002,link
112,N1,LRP034,23.542583,90.6749438,1000.0,link
113,N1,LRP035,23.5362497,90.681916,33.99999999999892,link
114,N1,LRP035a,23.536083,90.6821382,9.5,bridge
115,N1,LRP035b,23.5358608,90.6823604,275.0000000000057,link
116,N1,LRP035c,23.5341386,90.6843052,650.9999999999962,link
117,N1,LRP036,23.5301938,90.688833,664.0000000000015,link
118,N1,LRP036a,23.529916,90.6952219,25.45,bridge
119,N1,LRP036a,23.529916,90.6952219,24.5,bridge
120,N1,LRP036a,23.529916,90.6952219,24.5,bridge
121,N1,LRP037,23.5301382,90.6984997,1000.0,link
122,N1,LRP038,23.5307493,90.7082778,78.00000000000296,link
123,N1,LRP038a,23.5307771,90.7090278,354.9999999999969,link
124,N1,LRP038b,23.5313882,90.7153611,426.00000000000193,link
125,N1,LRP038c,23.5314716,90.7172216,76.99999999999818,link
126,N1,LRP038d,23.5315271,90.7173604,17.000000000003013,link
127,N1,LRP038e,23.5315827,90.7176104,46.999999999997044,link
128,N1,LRP039,23.5317216,90.7180271,512.9999999999982,link
129,N1,LRP039a,23.5322346,90.7226298386,487.0000000000019,link
130,N1,LRP040,23.5327216,90.7269993,1000.0,link
131,N1,LRP041,23.528916,90.7356108,654.0000000000034,link
132,N1,LRP042,23.5289993,90.7419441,966.9999999999987,link
133,N1,LRP042a,23.5293882,90.7514167,16.999999999995907,link
134,N1,LRP042b,23.5293882,90.7515833,24.00000000000091,link
135,N1,LRP043,23.529416,90.75175,1000.0,link
136,N1,LRP044,23.5299993,90.7615,1000.0,link
137,N1,LRP045,23.5304438,90.7713049,185.00000000000227,link
138,N1,LRP045a,23.5304993,90.7731104,814.9999999999977,link
139,N1,LRP046,23.5308049,90.7811104,53.00000000000438,link
140,N1,LRP046a,23.5307493,90.7816104,3.9,bridge
141,N1,LRP046b,23.530666,90.7821938,773.0000000000032,link
142,N1,LRP046c,23.5312216,90.7895552,107.99999999999699,link
143,N1,LRP047,23.531166,90.7907219,954.9999999999983,link
144,N1,LRP047a,23.5306938,90.7924441,6.5,bridge
145,N1,LRP048,23.5308604,90.8002222,402.9999999999987,link
146,N1,LRP048a,23.5308882,90.8041389,20.000000000003126,link
147,N1,LRP048b,23.530916,90.8043611,576.9999999999982,link
148,N1,LRP049,23.5316382,90.8099167,1000.0,link
149,N1,LRP050,23.5332493,90.8194716,594.0000000000011,link
150,N1,LRP050a,23.5346663,90.8249716,15.999999999998238,link
151,N1,LRP050b,23.5347219,90.8251104,390.00000000000057,link
152,N1,LRP051,23.5344997,90.8287216,1000.0,link
153,N1,LRP052,23.5292216,90.8365274,367.00000000000443,link
154,N1,LRP052a,23.5270549,90.8391386,632.9999999999956,link
155,N1,LRP053,23.523166,90.8438886,1000.0,link
156,N1,LRP054,23.5174993,90.8513889,1000.0,link
157,N1,LRP055,23.5170827,90.8607778,1000.0,link
158,N1,LRP056,23.5135833,90.8697771,64.00000000000006,link
159,N1,LRP056a,23.5133056,90.8703049,28.9,bridge
160,N1,LRP056a,23.5133056,90.8703049,28.9,bridge
161,N1,LRP056b,23.5131111,90.8706382,101.99999999999676,link
162,N1,LRP056c,23.5126667,90.871416,792.0000000000016,link
163,N1,LRP057,23.5088056,90.8778604,1000.0,link
164,N1,LRP058,23.506,90.8869163,922.0000000000041,link
165,N1,LRP058a,23.5056111,90.8958886,77.99999999999585,link
166,N1,LRP059,23.5056389,90.8966108,1000.0,link
167,N1,LRP060,23.5062778,90.9063889,911.0000000000014,link
168,N1,LRP060a,23.50575,90.91525,88.99999999999864,link
169,N1,LRP061,23.5057222,90.9160278,1000.0,link
170,N1,LRP062,23.5055278,90.9257216,1000.0,link
171,N1,LRP063,23.5042778,90.9354163,9.000000000000341,link
172,N1,LRP063a,23.5043333,90.9354719,264.0000000000029,link
173,N1,LRP063b,23.5038611,90.9371386,351.99999999999676,link
174,N1,LRP063c,23.5028611,90.9412774,375.0,link
175,N1,LRP064,23.5020278,90.9448886,1000.000000000007,link
176,N1,LRP065,23.4995274,90.9541667,1000.0,link
177,N1,LRP066,23.4986386,90.9651111,274.0000000000009,link
178,N1,LRP066a,23.4980552,90.9660278,182.99999999999272,link
179,N1,LRP067,23.4972774,90.9674716,1000.0,link
180,N1,LRP068,23.4942219,90.9765549,694.0000000000026,link
181,N1,LRP068a,23.4951386,90.9829993,4.5,bridge
182,N1,LRP069,23.4942497,90.985833,1000.0,link
183,N1,LRP070,23.4911386,90.9950274,890.0000000000006,link
184,N1,LRP070a,23.4894441,91.0033056,22.00000000000557,link
185,N1,LRP070b,23.4893886,91.0034722,70.99999999999795,link
186,N1,LRP071,23.4896108,91.0043056,733.9999999999947,link
187,N1,LRP072,23.4893052,91.0112778,84.00000000000318,link
188,N1,LRP072a,23.4890552,91.0120278,23.1,bridge
189,N1,LRP072a,23.4890552,91.0120278,22.55,bridge
190,N1,LRP072b,23.4889441,91.01225,197.9999999999933,link
191,N1,LRP073,23.488333,91.0140833,1020.0000000000102,link
192,N1,LRP074,23.4846386,91.0229438,1000.0,link
193,N1,LRP075,23.4827771,91.0321382,912.9999999999967,link
194,N1,LRP075a,23.481166,91.0404441,4.6,bridge
195,N1,LRP076,23.4814716,91.0419719,871.0000000000093,link
196,N1,LRP076a,23.4820827,91.0504167,4.6,bridge
197,N1,LRP077,23.4821382,91.0516944,760.0000000000051,link
198,N1,LRP077a,23.4815271,91.0590278,1.5,bridge
199,N1,LRP078,23.4815549,91.0613611,1000.0,link
200,N1,LRP079,23.4801104,91.0706382,944.0000000000026,link
201,N1,LRP079a,23.4770827,91.0789993,1.0,bridge
202,N1,LRP080,23.4770271,91.0794716,1000.0,link
203,N1,LRP081,23.4781938,91.0889997,1000.0,link
204,N1,LRP082,23.4775549,91.0986663,513.0000000000052,link
205,N1,LRP082a,23.4778604,91.1036111,486.99999999999477,link
206,N1,LRP083,23.4779993,91.1055278,972.0000000000084,link
207,N1,LRP083a,23.4789438,91.1177216,1.4,bridge
208,N1,LRP084,23.4789716,91.1179993,17.000000000010118,link
209,N1,LRP084a,23.4789716,91.118166,546.999999999997,link
210,N1,LRP084b,23.4793327,91.1234716,435.99999999999284,link
211,N1,LRP085,23.4800827,91.1276382,1000.0,link
212,N1,LRP086,23.4767216,91.1364441,1000.0,link
213,N1,LRP087,23.4682216,91.1394441,1000.0,link
214,N1,LRP088,23.4595833,91.1421386,68.00000000001205,link
215,N1,LRP088a,23.459,91.142333,23.4,bridge
216,N1,LRP088a,23.459,91.142333,22.85,bridge
217,N1,LRP089,23.4513056,91.1460552,303.0000000000115,link
218,N1,LRP089a,23.448833,91.1471386,24.00000000000091,link
219,N1,LRP089b,23.4486386,91.1472497,209.99999999999375,link
220,N1,LRP089c,23.4469441,91.1481386,462.99999999999386,link
221,N1,LRP090,23.4425274,91.1497774,684.0000000000117,link
222,N1,LRP091,23.4373886,91.1521944,1000.0,link
223,N1,LRP092,23.4288882,91.1553889,979.9999999999898,link
224,N1,LRP093,23.4236938,91.1626944,28.000000000005798,link
225,N1,LRP093a,23.4235827,91.1629722,37.00000000000614,link
226,N1,LRP093b,23.423416,91.1632778,507.99999999999557,link
227,N1,LRP093c,23.4213604,91.167666,426.9999999999925,link
228,N1,LRP094,23.4195271,91.171416,90.00000000000341,link
229,N1,LRP094a,23.4191382,91.1721938,27.35,bridge
230,N1,LRP094a,23.4191382,91.1721938,27.9,bridge
231,N1,LRP095,23.4149444,91.1801382,511.0000000000099,link
232,N1,LRP095a,23.4131111,91.1846663,27.999999999991587,link
233,N1,LRP095b,23.4130556,91.1849163,460.9999999999985,link
234,N1,LRP096,23.4125,91.1893886,1008.0000000000098,link
235,N1,LRP097,23.4113056,91.1988886,1027.000000000001,link
236,N1,LRP098,23.4100833,91.2087778,36.99999999999193,link
237,N1,LRP098a,23.4100278,91.2090833,27.9,bridge
238,N1,LRP098a,23.4100278,91.2090833,27.35,bridge
239,N1,LRP099,23.4048056,91.2165278,171.99999999999704,link
240,N1,LRP099a,23.40375,91.2176382,28.999999999996362,link
241,N1,LRP099b,23.4035556,91.2178049,799.0000000000066,link
242,N1,LRP100,23.398213447804338,91.22288776581436,1000.0,link
243,N1,LRP101,23.3915274,91.2292493,10.000000000005116,link
244,N1,LRP101a,23.3914441,91.2293049,30.48,bridge
245,N1,LRP101a,23.3914441,91.2293049,30.4,bridge
246,N1,LRP101b,23.385083,91.2345552,15.000000000000568,link
247,N1,LRP101c,23.3849719,91.2346108,82.99999999999841,link
248,N1,LRP102,23.3843886,91.2351108,897.9999999999961,link
249,N1,LRP102a,23.3779716,91.2403608,30.000000000001137,link
250,N1,LRP102b,23.3777493,91.2405274,72.00000000000273,link
251,N1,LRP103,23.377166,91.2409163,1000.0,link
252,N1,LRP104,23.3695827,91.2462774,170.99999999999227,link
253,N1,LRP104a,23.3683327,91.2471108,22.8,bridge
254,N1,LRP104a,23.3683327,91.2471108,22.88,bridge
255,N1,LRP105,23.3615278,91.2515556,365.99999999999966,link
256,N1,LRP105a,23.3586389,91.25325,14.3,bridge
257,N1,LRP105b,23.3584444,91.2533333,609.9999999999994,link
258,N1,LRP106,23.3536944,91.2561389,686.9999999999976,link
259,N1,LRP106a,23.3486386,91.2599444,313.0000000000024,link
260,N1,LRP107,23.3463608,91.2616944,1000.0,link
261,N1,LRP108,23.3390552,91.2672216,443.9999999999884,link
262,N1,LRP108a,23.3360274,91.2700549,44.00000000001114,link
263,N1,LRP108b,23.3357219,91.2703049,143.00000000000068,link
264,N1,LRP108c,23.3347219,91.271166,368.9999999999998,link
265,N1,LRP109,23.3321938,91.2734716,1000.0,link
266,N1,LRP110,23.3246382,91.278666,72.99999999999329,link
267,N1,LRP110a,23.324166,91.2791104,19.2,bridge
268,N1,LRP110b,23.3240827,91.279166,917.0000000000016,link
269,N1,LRP111,23.3171382,91.2836941,269.999999999996,link
270,N1,LRP111a,23.3149444,91.2844719,3.2,bridge
271,N1,LRP111b,23.31475,91.2845552,597.999999999999,link
272,N1,LRP111c,23.3096389,91.2861386,112.99999999999955,link
273,N1,LRP112,23.3086944,91.2864163,546.999999999997,link
274,N1,LRP112a,23.30425,91.288583,13.4,bridge
275,N1,LRP113,23.3006111,91.290333,518.9999999999912,link
276,N1,LRP113a,23.296083,91.2914997,4.6,bridge
277,N1,LRP113b,23.2959719,91.2915274,466.99999999999875,link
278,N1,LRP114,23.2919163,91.2922219,501.99999999999534,link
279,N1,LRP114a,23.2876663,91.2936386,6.3,bridge
280,N1,LRP115,23.283583,91.2952219,774.0000000000009,link
281,N1,LRP115a,23.2787216,91.3002778,225.9999999999991,link
282,N1,LRP116,23.2768882,91.3011944,1000.0,link
283,N1,LRP117,23.2686382,91.3049722,115.99999999999966,link
284,N1,LRP117a,23.2677493,91.3054722,4.5,bridge
285,N1,LRP117b,23.2654444,91.3064444,202.99999999998875,link
286,N1,LRP117c,23.2636667,91.30675,404.0000000000106,link
287,N1,LRP118,23.2601111,91.3072778,155.9999999999917,link
288,N1,LRP118a,23.2587222,91.3074444,2.5,bridge
289,N1,LRP119,23.2511944,91.3086389,173.99999999999238,link
290,N1,LRP119a,23.249833,91.3091944,2.5,bridge
291,N1,LRP119b,23.248333,91.3098056,3.1,bridge
292,N1,LRP119c,23.2481663,91.3098889,346.9999999999942,link
293,N1,LRP119d,23.2452774,91.3110556,270.00000000001023,link
294,N1,LRP120,23.243083,91.3119167,162.9999999999967,link
295,N1,LRP120a,23.2416941,91.3123611,2.6,bridge
296,N1,LRP120b,23.2344997,91.3131667,6.0,bridge
297,N1,LRP121,23.2343052,91.3131667,314.9999999999977,link
298,N1,LRP121a,23.2314993,91.3132222,447.9999999999933,link
299,N1,LRP121b,23.2275549,91.3135278,14.3,bridge
300,N1,LRP122,23.2253882,91.3135833,449.99999999998863,link
301,N1,LRP122a,23.221416,91.3137222,6.1,bridge
302,N1,LRP122b,23.2184993,91.3143889,222.0000000000084,link
303,N1,LRP123,23.2165556,91.3149167,717.9999999999893,link
304,N1,LRP123a,23.2103056,91.3157222,6.1,bridge
305,N1,LRP124,23.2078889,91.3159722,771.0000000000008,link
306,N1,LRP124a,23.201,91.3168049,6.1,bridge
307,N1,LRP125,23.1990274,91.3170549,864.9999999999949,link
308,N1,LRP125a,23.1921108,91.3185549,9.5,bridge
309,N1,LRP126,23.1909997,91.3192493,522.9999999999961,link
310,N1,LRP126a,23.1866941,91.3212493,3.1,bridge
311,N1,LRP126b,23.1866108,91.3212771,465.0000000000034,link
312,N1,LRP127,23.1826382,91.3210827,613.9999999999901,link
313,N1,LRP127a,23.1773604,91.3198049,9.5,bridge
314,N1,LRP128,23.172916,91.3205271,546.0000000000065,link
315,N1,LRP128a,23.1681382,91.3213604,6.3,bridge
316,N1,LRP128b,23.1680549,91.3213604,439.9999999999977,link
317,N1,LRP129,23.1641389,91.3214993,792.0000000000016,link
318,N1,LRP129a,23.1571667,91.3224993,3.5,bridge
319,N1,LRP130,23.1554167,91.3232771,631.9999999999908,link
320,N1,LRP130a,23.1496941,91.3254993,6.1,bridge
321,N1,LRP130b,23.1480274,91.3264993,99.00000000001796,link
322,N1,LRP131,23.1471663,91.3266938,420.99999999999227,link
323,N1,LRP131a,23.1433886,91.326666,3.0,bridge
324,N1,LRP132,23.1382219,91.3263049,102.00000000000387,link
325,N1,LRP132a,23.1374163,91.3264716,4.5,bridge
326,N1,LRP133,23.1295827,91.3284993,69.99999999999318,link
327,N1,LRP133a,23.1290827,91.3287216,5.3,bridge
328,N1,LRP133b,23.1234993,91.3311382,254.99999999999545,link
329,N1,LRP134,23.1213327,91.3320549,247.99999999999045,link
330,N1,LRP134a,23.1193049,91.3329993,6.1,bridge
331,N1,LRP135,23.1191382,91.3330827,1000.0,link
332,N1,LRP136,23.1113611,91.3378052,75.00000000001705,link
333,N1,LRP136a,23.1108056,91.3381386,3.1,bridge
334,N1,LRP136b,23.1051111,91.3413608,204.99999999998408,link
335,N1,LRP137,23.1035,91.3422497,367.999999999995,link
336,N1,LRP137a,23.1005833,91.3437774,3.5,bridge
337,N1,LRP137b,23.0961941,91.3461108,14.2,bridge
338,N1,LRP138,23.095583,91.3464441,688.0000000000166,link
339,N1,LRP138a,23.0901108,91.3494163,6.1,bridge
340,N1,LRP139,23.0876108,91.3508889,344.99999999999886,link
341,N1,LRP139a,23.0849719,91.3524722,527.0000000000152,link
342,N1,LRP139b,23.0808049,91.3548611,16.999999999995907,link
343,N1,LRP139c,23.0806938,91.3549444,193.00000000001205,link
344,N1,LRP140,23.0792493,91.3558333,765.9999999999911,link
345,N1,LRP140a,23.0732493,91.3594167,4.0,bridge
346,N1,LRP141,23.0712493,91.3599722,274.99999999997726,link
347,N1,LRP141a,23.0688604,91.3607222,611.0000000000184,link
348,N1,LRP141b,23.0636944,91.3616389,18.000000000000682,link
349,N1,LRP142,23.0635278,91.3616389,229.99999999998977,link
350,N1,LRP142a,23.0614722,91.3616667,10.8,bridge
351,N1,LRP143,23.0538611,91.3637222,500.0,link
352,N1,LRP143a,23.0479441,91.3651389,1.6,bridge
353,N1,LRP144,23.0449719,91.3653611,195.99999999999795,link
354,N1,LRP144a,23.0427774,91.3654444,336.00000000001273,link
355,N1,LRP144b,23.0398052,91.3656111,467.9999999999893,link
356,N1,LRP145,23.0360274,91.36575,735.0000000000136,link
357,N1,LRP145a,23.029416,91.3656389,3.4,bridge
358,N1,LRP146,23.0269716,91.3655,239.99999999998067,link
359,N1,LRP146a,23.0248327,91.3655278,760.9999999999957,link
360,N1,LRP147,23.0193604,91.3697771,151.00000000001046,link
361,N1,LRP147a,23.0185271,91.3708327,723.9999999999895,link
362,N1,LRP147b,23.0140833,91.3759716,125.0,link
363,N1,LRP148,23.0132778,91.3769438,614.0000000000043,link
364,N1,LRP148a,23.0095556,91.3813604,1.5,bridge
365,N1,LRP150,23.0018889,91.3920552,1000.0,link
366,N1,LRP151,22.9963886,91.3998052,85.00000000000796,link
367,N1,LRP151a,22.9961941,91.4005,22.999999999996135,link
368,N1,LRP151b,22.9960552,91.4006667,917.0000000000016,link
369,N1,LRP152,22.9906941,91.4072222,447.9999999999791,link
370,N1,LRP152a,22.9877774,91.41,296.0000000000207,link
371,N1,LRP152b,22.9858886,91.4120556,256.0000000000002,link
372,N1,LRP153,22.9842219,91.4137222,1050.9999999999877,link
373,N1,LRP154,22.9774438,91.4205827,1000.0,link
374,N1,LRP155,22.9711382,91.4273882,1000.0,link
375,N1,LRP156,22.9663333,91.4356108,780.0000000000011,link
376,N1,LRP156a,22.9624167,91.4416941,109.00000000000887,link
377,N1,LRP156b,22.9618056,91.4424997,110.99999999999,link
378,N1,LRP157,22.9611667,91.4433886,1043.0000000000064,link
379,N1,LRP158,22.9561389,91.4517778,1000.0,link
380,N1,LRP159,22.9514444,91.4600278,1012.0000000000005,link
381,N1,LRP160,22.9479997,91.4689993,737.9999999999995,link
382,N1,LRP160a,22.9483608,91.4761382,262.00000000000045,link
383,N1,LRP161,22.9484997,91.4786938,1008.0000000000098,link
384,N1,LRP162,22.9497497,91.4883608,1000.0,link
385,N1,LRP163,22.9497774,91.4980274,287.9999999999825,link
386,N1,LRP163a,22.9496663,91.5007778,211.00000000001273,link
387,N1,LRP163b,22.949583,91.5027778,508.99999999998613,link
388,N1,LRP164,22.9482774,91.50725,618.9999999999998,link
389,N1,LRP164a,22.9439441,91.5108611,381.0000000000002,link
390,N1,LRP165,22.940833,91.5124444,1000.0,link
391,N1,LRP166,22.9329716,91.5172216,1000.0,link
392,N1,LRP167,22.9248882,91.5213327,1000.0,link
393,N1,LRP168,22.9167216,91.5253882,134.00000000001455,link
394,N1,LRP168a,22.9156667,91.5259438,227.99999999998022,link
395,N1,LRP168b,22.9138056,91.5268604,638.0000000000052,link
396,N1,LRP169,22.9085833,91.5294993,463.99999999999864,link
397,N1,LRP169a,22.9046667,91.5314438,3.0,bridge
398,N1,LRP170,22.9003333,91.5333608,82.99999999999841,link
399,N1,LRP170a,22.8994441,91.5336108,637.0000000000005,link
400,N1,LRP170b,22.8939997,91.5346941,112.99999999999955,link
401,N1,LRP170c,22.8929719,91.5350274,104.00000000001342,link
402,N1,LRP170d,22.8921663,91.5353052,62.99999999998818,link
403,N1,LRP171,22.8916386,91.5354719,1000.0,link
404,N1,LRP172,22.8829993,91.5381663,914.999999999992,link
405,N1,LRP172b,22.875166,91.5407219,2.0,bridge
406,N1,LRP173,22.8744438,91.5409719,162.00000000000614,link
407,N1,LRP173a,22.8731382,91.5414441,1.5,bridge
408,N1,LRP173b,22.868416,91.5431663,1.5,bridge
409,N1,LRP174,22.8661111,91.5439997,575.9999999999934,link
410,N1,LRP174a,22.86111772310757,91.54512584501992,8.5,bridge
411,N1,LRP174b,22.8595833,91.5454719,3.0,bridge
412,N1,LRP175,22.8575556,91.5456386,164.99999999999204,link
413,N1,LRP175a,22.856,91.5457219,3.0,bridge
414,N1,LRP175b,22.8550556,91.545833,3.0,bridge
415,N1,LRP176,22.8486663,91.5463608,16.999999999995907,link
416,N1,LRP176a,22.8485274,91.5463886,4.5,bridge
417,N1,LRP176b,22.8484441,91.5464163,12.4,bridge
418,N1,LRP176c,22.8452219,91.5475274,240.0000000000091,link
419,N1,LRP176d,22.8432497,91.5482219,352.9999999999802,link
420,N1,LRP177,22.8401941,91.5490552,313.99999999999295,link
421,N1,LRP177a,22.8372497,91.5492497,686.000000000007,link
422,N1,LRP178,22.8313882,91.5503611,872.0000000000141,link
423,N1,LRP178a,22.8239438,91.5528333,127.9999999999859,link
424,N1,LRP179,22.8228049,91.5531389,1000.0,link
425,N1,LRP180,22.8141389,91.5555833,340.0000000000034,link
426,N1,LRP180a,22.8110556,91.5563889,406.0000000000059,link
427,N1,LRP180b,22.808,91.5579167,252.00000000000955,link
428,N1,LRP180c,22.8059722,91.5589167,1.999999999981128,link
429,N1,LRP181,22.8059444,91.5589167,155.00000000000114,link
430,N1,LRP181a,22.8045833,91.5591111,4.5,bridge
431,N1,LRP182,22.7974719,91.5613611,492.999999999995,link
432,N1,LRP182a,22.7934163,91.5633333,23.2,bridge
433,N1,LRP182b,22.7896108,91.5654444,34.99999999999659,link
434,N1,LRP183,22.7893608,91.5655833,993.9999999999998,link
435,N1,LRP183a,22.7813327,91.5695271,6.000000000000227,link
436,N1,LRP184,22.7812216,91.5695827,15.00000000001478,link
437,N1,LRP184a,22.7811382,91.5696382,9.7,bridge
438,N1,LRP184b,22.7771104,91.5713327,474.9999999999943,link
439,N1,LRP184c,22.7732771,91.5733604,24.00000000000091,link
440,N1,LRP185,22.7730271,91.5734716,468.9999999999941,link
441,N1,LRP185a,22.7693604,91.5756104,4.0,bridge
442,N1,LRP185b,22.7661944,91.5779993,528.9999999999964,link
443,N1,LRP186,22.7654722,91.5785549,453.00000000000296,link
444,N1,LRP186a,22.7621944,91.5811382,12.9,bridge
445,N1,LRP187,22.7585278,91.5845274,819.9999999999932,link
446,N1,LRP187a,22.7526389,91.5893608,3.0,bridge
447,N1,LRP187b,22.7525,91.5894719,8.1,bridge
448,N1,LRP188,22.7513333,91.5903608,231.99999999999932,link
449,N1,LRP188a,22.7496386,91.5916386,768.0000000000007,link
450,N1,LRP189,22.7435552,91.5949163,32.00000000001069,link
451,N1,LRP189a,22.7433052,91.5950274,967.9999999999893,link
452,N1,LRP190,22.7349997,91.5979441,12.000000000000455,link
453,N1,LRP190a,22.7349163,91.5979719,3.0,bridge
454,N1,LRP191,22.7263882,91.6007778,539.0000000000157,link
455,N1,LRP191a,22.7221104,91.6030833,3.0,bridge
456,N1,LRP192,22.7185549,91.6053056,260.0000000000193,link
457,N1,LRP192a,22.7165556,91.6065556,74.99999999998863,link
458,N1,LRP192b,22.716,91.6069167,215.0000000000034,link
459,N1,LRP193,22.7143889,91.6079444,256.0000000000002,link
460,N1,LRP193a,22.7124167,91.6090556,19.2,bridge
461,N1,LRP193b,22.7076111,91.6118056,137.00000000000045,link
462,N1,LRP194,22.7065556,91.6123611,67.99999999998363,link
463,N1,LRP194a,22.706,91.6126944,4.2,bridge
464,N1,LRP194b,22.7033056,91.6142222,381.0000000000002,link
465,N1,LRP194c,22.7002222,91.6157778,219.99999999999886,link
466,N1,LRP195,22.6984997,91.616666,783.9999999999918,link
467,N1,LRP195a,22.6919719,91.6198604,3.2,bridge
468,N1,LRP196,22.6904163,91.6205271,98.00000000001319,link
469,N1,LRP196a,22.689583,91.6208327,6.0,bridge
470,N1,LRP196b,22.685083,91.6228327,317.0000000000073,link
471,N1,LRP197,22.6825549,91.6241938,669.9999999999875,link
472,N1,LRP197a,22.6769438,91.6268327,3.0,bridge
473,N1,LRP197b,22.6751382,91.6274438,3.0,bridge
474,N1,LRP198,22.6743049,91.6277493,120.00000000000455,link
475,N1,LRP198a,22.6733049,91.6280827,3.0,bridge
476,N1,LRP198b,22.6722493,91.6285271,506.0000000000002,link
477,N1,LRP198c,22.6678604,91.6301104,370.00000000000455,link
478,N1,LRP199,22.6649167,91.6315549,137.9999999999768,link
479,N1,LRP199a,22.6638333,91.6321382,3.1,bridge
480,N1,LRP199b,22.6596667,91.6347219,4.6,bridge
481,N1,LRP200,22.6571389,91.636333,356.9999999999993,link
482,N1,LRP200a,22.6543889,91.6381386,208.99999999997476,link
483,N1,LRP200b,22.6527778,91.6391663,411.00000000000136,link
484,N1,LRP201,22.6494997,91.640833,67.00000000000728,link
485,N1,LRP201a,22.6489997,91.6411108,3.0,bridge
486,N1,LRP201b,22.6452774,91.6430552,3.0,bridge
487,N1,LRP202,22.641583,91.6451108,974.000000000018,link
488,N1,LRP202a,22.6338608,91.6494719,3.0,bridge
489,N1,LRP203,22.6330827,91.649833,134.9999999999909,link
490,N1,LRP203a,22.6320271,91.6503889,3.0,bridge
491,N1,LRP203b,22.625916,91.6541389,3.0,bridge
492,N1,LRP204,22.6252216,91.6545278,218.9999999999941,link
493,N1,LRP204a,22.6234716,91.6553056,4.6,bridge
494,N1,LRP204a,22.6234716,91.6553056,4.6,bridge
495,N1,LRP204b,22.6206938,91.6563611,163.0000000000109,link
496,N1,LRP204c,22.6194993,91.6568889,20.000000000010232,link
497,N1,LRP204d,22.6180271,91.6578333,252.9999999999859,link
498,N1,LRP204f,22.6175271,91.65825,91.00000000000819,link
499,N1,LRP205,22.6169716,91.65875,15.999999999991132,link
500,N1,LRP205a,22.6168604,91.6588611,3.0,bridge
501,N1,LRP205b,22.6123889,91.6622222,372.0000000000141,link
502,N1,LRP206,22.6094444,91.6638333,72.00000000000273,link
503,N1,LRP206a,22.6088889,91.6641111,2.95,bridge
504,N1,LRP207,22.6015833,91.6688327,129.99999999999545,link
505,N1,LRP207a,22.601,91.6692771,4.5,bridge
506,N1,LRP207b,22.6000556,91.6699438,48.99999999997817,link
507,N1,LRP207c,22.5994441,91.6703049,681.0000000000116,link
508,N1,LRP207d,22.5942219,91.6737771,25.000000000005684,link
509,N1,LRP208,22.5939997,91.6738327,407.99999999998704,link
510,N1,LRP208a,22.5907497,91.6754716,22.25,bridge
511,N1,LRP209,22.584583,91.6780827,116.99999999999022,link
512,N1,LRP209a,22.5836663,91.6784716,10.2,bridge
513,N1,LRP209b,22.5834997,91.6785827,342.9999999999893,link
514,N1,LRP209c,22.580666,91.6799438,331.0000000000173,link
515,N1,LRP209d,22.5779438,91.6811382,182.99999999999272,link
516,N1,LRP210,22.5763604,91.6818049,377.00000000000955,link
517,N1,LRP210a,22.5731938,91.6830827,3.0,bridge
518,N1,LRP210b,22.5730549,91.6831938,8.2,bridge
519,N1,LRP211,22.5679716,91.6846941,177.99999999999727,link
520,N1,LRP211a,22.5664722,91.6851663,4.1,bridge
521,N1,LRP211b,22.5641389,91.6859163,14.000000000010004,link
522,N1,LRP211c,22.564,91.6859441,216.99999999998454,link
523,N1,LRP211d,22.5624722,91.6863608,316.0000000000025,link
524,N1,LRP212,22.5594444,91.6872219,938.999999999993,link
525,N1,LRP213,22.5514167,91.6896941,144.00000000000546,link
526,N1,LRP213a,22.5503056,91.6902774,3.0,bridge
527,N1,LRP213b,22.5501667,91.6903886,5.2,bridge
528,N1,LRP214,22.5438886,91.6945274,118.99999999999977,link
529,N1,LRP214a,22.5428608,91.6950274,8.2,bridge
530,N1,LRP215,22.5354997,91.6979441,90.00000000000341,link
531,N1,LRP215a,22.5347774,91.698333,3.0,bridge
532,N1,LRP216,22.5273049,91.7019444,956.9999999999936,link
533,N1,LRP216a,22.519416,91.7053611,18.000000000000682,link
534,N1,LRP216b,22.519265407228914,91.70540328072288,64.99999999999773,link
535,N1,LRP217,22.5187216,91.7055556,276.00000000001046,link
536,N1,LRP217a,22.5165556,91.7065833,41.11,bridge
537,N1,LRP217a,22.5165556,91.7065833,27.0,bridge
538,N1,LRP217b,22.5161667,91.70675,181.99999999998795,link
539,N1,LRP217c,22.5147222,91.7074444,193.9999999999884,link
540,N1,LRP217d,22.5131389,91.7080833,40.99999999999682,link
541,N1,LRP217e,22.5127778,91.7082222,262.00000000000045,link
542,N1,LRP218,22.5106111,91.7090833,144.00000000000546,link
543,N1,LRP218a,22.5094444,91.7096389,4.5,bridge
544,N1,LRP218b,22.5093611,91.7096944,17.6,bridge
545,N1,LRP218c,22.5074444,91.7105556,18.000000000000682,link
546,N1,LRP218d,22.5073056,91.7106389,530.0000000000011,link
547,N1,LRP218e,22.503,91.7128056,56.99999999998795,link
548,N1,LRP219,22.5025556,91.7130556,685.0000000000023,link
549,N1,LRP219a,22.4969163,91.7155556,3.0,bridge
550,N1,LRP219b,22.4968052,91.7156389,295.99999999999227,link
551,N1,LRP220,22.494583,91.7170827,887.0000000000005,link
552,N1,LRP220a,22.4869441,91.7192771,4.5,bridge
553,N1,LRP221,22.4854163,91.7195549,296.99999999999704,link
554,N1,LRP221a,22.48280706570156,91.72005100244988,6.0,bridge
555,N1,LRP221b,22.4775271,91.7210549,25.000000000005684,link
556,N1,LRP221c,22.4773049,91.7211104,88.99999999999864,link
557,N1,LRP222,22.4765271,91.7213327,883.0000000000098,link
558,N1,LRP222a,22.4694438,91.7250549,135.99999999999568,link
559,N1,LRP223,22.468416,91.7255827,1000.0,link
560,N1,LRP224,22.4603056,91.7295827,183.9999999999975,link
561,N1,LRP224a,22.4588333,91.7303604,3.0,bridge
562,N1,LRP224b,22.4586389,91.7304716,807.9999999999927,link
563,N1,LRP225,22.45182350044248,91.7331283022124,1000.0,link
564,N1,LRP226,22.4433886,91.7364163,104.00000000001342,link
565,N1,LRP226a,22.4424997,91.7366663,3.0,bridge
566,N1,LRP226b,22.4422219,91.7367497,40.0,bridge
567,N1,LRP227,22.4349719,91.7396941,137.00000000000045,link
568,N1,LRP227a,22.4333049,91.7403608,311.00000000000705,link
569,N1,LRP227b,22.4307493,91.7415274,42.999999999977945,link
570,N1,LRP227c,22.4304438,91.7417219,449.0000000000123,link
571,N1,LRP228,22.4269716,91.7439997,1000.0,link
572,N1,LRP229,22.4198882,91.7497774,164.99999999999204,link
573,N1,LRP229a,22.4185549,91.7504722,38.000000000010914,link
574,N1,LRP229b,22.4182771,91.7506667,796.999999999997,link
575,N1,LRP230,22.4119167,91.7543611,199.99999999998863,link
576,N1,LRP230a,22.4101111,91.7544444,5.0,bridge
577,N1,LRP230b,22.4084167,91.7551389,1.999999999981128,link
578,N1,LRP230c,22.40839921010101,91.75514357643098,592.000000000013,link
579,N1,LRP231,22.4032222,91.7565278,400.0000000000057,link
580,N1,LRP231a,22.3996108,91.7573333,3.0,bridge
581,N1,LRP231b,22.3988608,91.7576667,18.0,bridge
582,N1,LRP231c,22.3988052,91.7576667,489.0000000000043,link
583,N1,LRP232,22.3944997,91.7586944,58.9999999999975,link
584,N1,LRP232a,22.3937774,91.7588056,3.0,bridge
585,N1,LRP232b,22.3921108,91.75925,350.9999999999991,link
586,N1,LRP232c,22.3892497,91.7605,58.9999999999975,link
587,N1,LRP232d,22.3887497,91.7607222,313.99999999999295,link
588,N1,LRP233,22.3861663,91.7618333,625.0,link
589,N1,LRP233a,22.3815271,91.7652222,8.3,bridge
590,N1,LRP234,22.379166,91.7675827,436.00000000000705,link
591,N1,LRP234a,22.3764716,91.770416,3.0,bridge
592,N1,LRP234b,22.3762254893617,91.77054326631206,544.9999999999875,link
593,N1,LRP235,22.369166,91.7741938,555.0000000000068,link
594,N1,LRP235a,22.3691382,91.777666,192.99999999998363,link
595,N1,LRP235b,22.3586667,91.7822771,8308.999999999998,link
596,N1,LRP244b,22.3644444,91.8511111,5.7,bridge
597,N1,LRP245,22.3646111,91.8508333,169.00000000001114,link
598,N1,LRP245a,22.3632778,91.8514722,1.5,bridge
599,N1,LRP246,22.3561111,91.8531667,70.99999999999795,link
600,N1,LRP246a,22.3555,91.8530833,3.0,bridge
601,N1,LRP246b,22.3553889,91.8530556,3.0,bridge
602,N1,LRP247,22.3473886,91.8519444,549.0000000000066,link
603,N1,LRP247a,22.3427219,91.8531389,116.13,bridge
604,N1,LRP247a,22.3427219,91.8531389,116.5,bridge
605,N1,LRP247b,22.3423608,91.8530833,406.99999999998226,link
606,N1,LRP248,22.3387497,91.8534722,52.00000000002092,link
607,N1,LRP248a,22.338362487628867,91.853695585567,3.0,bridge
608,N1,LRP248b,22.3380274,91.8538889,80.0000000000125,link
609,N1,LRP248c,22.3373886,91.8542778,46.999999999997044,link
610,N1,LRP248d,22.3370274,91.8545278,775.999999999982,link
611,N1,LRP249,22.3314716,91.8515556,209.00000000000318,link
612,N1,LRP249a,22.3297493,91.8521111,3.1,bridge
613,N1,LRP250,22.3228327,91.8535556,177.99999999999727,link
614,N1,LRP250a,22.3212771,91.8536111,3.0,bridge
615,N1,LRP250b,22.3153611,91.8553056,15.999999999991132,link
616,N1,LRP250c,22.3152222,91.8553333,44.999999999987494,link
617,N1,LRP251,22.3148889,91.8553889,496.0000000000093,link
618,N1,LRP251a,22.3108333,91.8570278,3.0,bridge
619,N1,LRP251a,22.3108333,91.8570278,10.8,bridge
620,N1,LRP251b,22.3106111,91.8570833,326.9999999999982,link
621,N1,LRP251c,22.30825,91.8589722,146.99999999999136,link
622,N1,LRP252,22.3071944,91.8598611,400.0000000000057,link
623,N1,LRP252a,22.3043056,91.8621667,3.0,bridge
624,N1,LRP252b,22.3021667,91.8639444,293.00000000000637,link
625,N1,LRP253,22.2998886,91.8655833,568.000000000012,link
626,N1,LRP253a,22.2950274,91.8671938,5.3,bridge
627,N1,LRP254,22.2919441,91.8693327,50.99999999998772,link
628,N1,LRP254a,22.2916663,91.8696382,170.00000000001592,link
629,N1,LRP254b,22.2916108,91.8711382,447.00000000000273,link
630,N1,LRP254c,22.293583,91.8748604,262.00000000000045,link
631,N1,LRP254d,22.2946386,91.8770827,66.99999999997885,link
632,N1,LRP255,22.2949163,91.877666,54.000000000002046,link
633,N1,LRP255a,22.2951108,91.8781104,3.0,bridge
634,N1,LRP255b,22.2983886,91.885583,688.999999999993,link
635,N1,LRP256,22.2985552,91.886333,558.9999999999975,link
636,N1,LRP256a,22.3,91.8915552,441.0000000000025,link
637,N1,LRP257,22.3005833,91.892833,173.00000000000182,link
638,N1,LRP257a,22.3015833,91.897333,50.3,bridge
639,N1,LRP257a,22.3015833,91.897333,50.8,bridge
640,N1,LRP258,22.3027222,91.9015556,103.00000000000864,link
641,N1,LRP258a,22.3029722,91.9025,871.9999999999857,link
642,N1,LRP259,22.3053611,91.9106389,302.99999999999727,link
643,N1,LRP259a,22.3070556,91.9128056,424.0000000000066,link
644,N1,LRP259b,22.3096944,91.91575,272.99999999999613,link
645,N1,LRP260,22.3114167,91.9176382,167.99999999997794,link
646,N1,LRP260a,22.3124722,91.9188327,12.4,bridge
647,N1,LRP260b,22.3156389,91.9224993,121.00000000003774,link
648,N1,LRP260c,22.3158889,91.9235827,189.99999999999773,link
649,N1,LRP261,22.3155556,91.9253882,750.0,link
650,N1,LRP261a,22.3137778,91.9322216,61.0,bridge
651,N1,LRP261a,22.3137778,91.9322216,60.5,bridge
652,N1,LRP262,22.31375,91.9345274,1000.0,link
653,N1,LRP263,22.3136389,91.9438886,617.999999999995,link
654,N1,LRP263a,22.3098611,91.9477219,392.99999999997226,link
655,N1,LRP264,22.3067222,91.9491941,1000.0,link
656,N1,LRP265,22.3025,91.9553889,925.9999999999877,link
657,N1,LRP265a,22.3010278,91.9641667,9.2,bridge
658,N1,LRP265b,22.3009444,91.9646667,6.0,bridge
659,N1,LRP266,22.3009167,91.9648889,1000.0,link
660,N1,LRP267,22.2979441,91.973916,567.9999999999836,link
661,N1,LRP267a,22.2956941,91.9787493,9.4,bridge
662,N1,LRP267b,22.295333,91.9803049,265.9999999999627,link
663,N1,LRP268,22.2934997,91.9816382,60.000000000002274,link
664,N1,LRP268a,22.2933608,91.9821104,14.0,bridge
665,N1,LRP268b,22.292083,91.9822493,14.0,bridge
666,N1,LRP268c,22.291833,91.9823327,772.9999999999677,link
667,N1,LRP269,22.2878052,91.9883886,302.99999999999727,link
668,N1,LRP269a,22.286583,91.9911108,12.7,bridge
669,N1,LRP269a,22.286583,91.9911108,12.6,bridge
670,N1,LRP269b,22.2863052,91.991583,25.000000000034106,link
671,N1,LRP269c,22.2862497,91.9916941,9.4,bridge
672,N1,LRP270,22.2836386,91.9967497,269.9999999999818,link
673,N1,LRP270a,22.2820549,91.9986663,14.0,bridge
674,N1,LRP271,22.2761938,92.0043889,213.99999999999864,link
675,N1,LRP271a,22.2745827,92.0053056,9.2,bridge
676,N1,LRP271b,22.2722493,92.0055278,515.9999999999627,link
677,N1,LRP272,22.2676104,92.0058056,626.0000000000332,link
678,N1,LRP272a,22.2622222,92.0070556,50.4,bridge
679,N1,LRP272a,22.2622222,92.0070556,50.8,bridge
680,N1,LRP272b,22.26210145564516,92.00708382580645,233.99999999998045,link
681,N1,LRP272c,22.2600833,92.0075556,9.2,bridge
682,N1,LRP273,22.259,92.0081389,403.00000000002,link
683,N1,LRP273a,22.2557222,92.0096111,267.99999999997226,link
684,N1,LRP273b,22.2538611,92.01125,329.00000000000773,link
685,N1,LRP274,22.2517222,92.0133333,343.00000000001774,link
686,N1,LRP274a,22.249333,92.0152778,656.9999999999823,link
687,N1,LRP275,22.2449997,92.019166,602.0000000000323,link
688,N1,LRP275a,22.2410552,92.0215271,478.999999999985,link
689,N1,LRP275b,22.2371941,92.0230549,139.00000000001,link
690,N1,LRP276,22.236083,92.0234716,384.9999999999909,link
691,N1,LRP276a,22.2327771,92.0245549,12.3,bridge
692,N1,LRP276b,22.2316938,92.0248882,14.000000000010004,link
693,N1,LRP276c,22.2315827,92.0249438,216.00000000000819,link
694,N1,LRP277,22.227916,92.0258882,12.000000000000455,link
695,N1,LRP277a,22.2278882,92.025916,12.000000000000455,link
696,N1,LRP277b,22.2277771,92.0259438,437.0000000000118,link
697,N1,LRP277c,22.2240271,92.0270827,538.9999999999873,link
698,N1,LRP278,22.2192493,92.0278882,247.99999999999045,link
699,N1,LRP278a,22.2170549,92.0281382,515.0000000000432,link
700,N1,LRP278b,22.2131389,92.0304993,236.99999999996635,link
701,N1,LRP279,22.2116111,92.0318049,542.00000000003,link
702,N1,LRP279a,22.2084444,92.0356663,211.0,bridge
703,N1,LRP279a,22.2084444,92.0356663,211.3,bridge
704,N1,LRP279b,22.2080278,92.0357774,286.00000000000136,link
705,N1,LRP279c,22.2059444,92.0370274,12.000000000000455,link
706,N1,LRP279d,22.2058889,92.0371386,105.00000000001819,link
707,N1,LRP280,22.2054167,92.0380274,1093.999999999994,link
708,N1,LRP281,22.1977774,92.0433886,699.9999999999886,link
709,N1,LRP281a,22.1917219,92.0453608,313.000000000045,link
710,N1,LRP282,22.1897497,92.046583,1012.9999999999768,link
711,N1,LRP283,22.1822771,92.0513889,821.0000000000264,link
712,N1,LRP283a,22.1750827,92.0528611,27.9,bridge
713,N1,LRP283a,22.1750827,92.0528611,28.0,bridge
714,N1,LRP284,22.1735827,92.0534167,1000.0,link
715,N1,LRP285,22.1652222,92.0548889,1000.0,link
716,N1,LRP286,22.1629722,92.0641944,514.9999999999864,link
717,N1,LRP286a,22.1596667,92.0674716,217.00000000004138,link
718,N1,LRP286b,22.1580556,92.0686104,7.2,bridge
719,N1,LRP287,22.156,92.0701104,663.9999999999873,link
720,N1,LRP287a,22.1509722,92.0696938,11.2,bridge
721,N1,LRP287b,22.1508889,92.069666,206.00000000001728,link
722,N1,LRP288,22.1491386,92.0696104,950.999999999965,link
723,N1,LRP289,22.1406663,92.0697771,302.99999999999727,link
724,N1,LRP289a,22.1379163,92.0698882,12.6,bridge
725,N1,LRP289b,22.1334441,92.0700827,161.00000000000136,link
726,N1,LRP290,22.1320549,92.0701938,118.99999999997135,link
727,N1,LRP290a,22.1308049,92.070416,61.00000000003547,link
728,N1,LRP290b,22.1304716,92.0704993,223.99999999998954,link
729,N1,LRP290c,22.1285271,92.0708604,31.00000000000591,link
730,N1,LRP290d,22.1282771,92.070916,484.9999999999568,link
731,N1,LRP291,22.1240271,92.0715827,10.000000000047748,link
732,N1,LRP291a,22.123666,92.0716382,30.3,bridge
733,N1,LRP291a,22.123666,92.0716382,30.3,bridge
734,N1,LRP291b,22.1208049,92.0719438,600.9999999999991,link
735,N1,LRP292,22.1151944,92.072416,282.0000000000391,link
736,N1,LRP292a,22.1133056,92.0726938,2.5,bridge
737,N1,LRP293,22.1062222,92.0738049,558.0000000000496,link
738,N1,LRP293a,22.1021667,92.0740549,12.6,bridge
739,N1,LRP293b,22.0993052,92.0743604,250.0,link
740,N1,LRP293c,22.0977497,92.0750271,6.0,bridge
741,N1,LRP294,22.097583,92.0752216,611.9999999999663,link
742,N1,LRP294a,22.0942219,92.0798604,13.64,bridge
743,N1,LRP295,22.092833,92.0812493,955.9999999999604,link
744,N1,LRP296,22.0876941,92.088583,545.9999999999923,link
745,N1,LRP296a,22.0844441,92.0924997,2.0,bridge
746,N1,LRP297,22.0826104,92.0958886,300.00000000001137,link
747,N1,LRP297a,22.081166,92.0982774,699.9999999999886,link
748,N1,LRP298,22.0752216,92.1001944,704.0000000000077,link
749,N1,LRP298a,22.0699438,92.1038333,3.0,bridge
750,N1,LRP298b,22.0698049,92.104,177.00000000002092,link
751,N1,LRP299,22.0686938,92.10525,565.9999999999741,link
752,N1,LRP299a,22.0641667,92.107,12.6,bridge
753,N1,LRP299b,22.0638611,92.1070833,379.99999999999545,link
754,N1,LRP299c,22.0605556,92.1078056,6.2,bridge
755,N1,LRP300,22.0604722,92.1078611,423.0000000000018,link
756,N1,LRP300a,22.0568611,92.1090833,3.0,bridge
757,N1,LRP300b,22.0522778,92.1091111,12.4,bridge
758,N1,LRP301,22.0516944,92.1090278,329.9999999999841,link
759,N1,LRP301a,22.0486386,92.1082222,14.2,bridge
760,N1,LRP301b,22.0449719,92.1078333,24.2,bridge
761,N1,LRP301b,22.0449719,92.1078333,22.0,bridge
762,N1,LRP301c,22.0443052,92.1073056,136.0000000000241,link
763,N1,LRP302,22.0434441,92.1063056,694.9999999999932,link
764,N1,LRP302a,22.0379163,92.104,22.5,bridge
765,N1,LRP302a,22.0379163,92.104,22.4,bridge
766,N1,LRP303,22.037083,92.1039722,567.0000000000073,link
767,N1,LRP303a,22.0320827,92.1041667,2.5,bridge
768,N1,LRP303b,22.028916,92.1035556,55.00000000000682,link
769,N1,LRP304,22.0284438,92.1032778,19.000000000005457,link
770,N1,LRP304a,22.0283327,92.1031944,899.0000000000009,link
771,N1,LRP305,22.020666,92.1015556,14.000000000010004,link
772,N1,LRP305a,22.0205549,92.1015,22.4,bridge
773,N1,LRP305a,22.0205549,92.1015,22.4,bridge
774,N1,LRP306,22.0153056,92.094833,930.0000000000068,link
775,N1,LRP306a,22.0077222,92.0927497,3.0,bridge
776,N1,LRP307,22.0074167,92.0924997,464.999999999975,link
777,N1,LRP307a,22.0039167,92.0904163,1.4,bridge
778,N1,LRP307b,21.9999441,92.0880274,16.000000000019554,link
779,N1,LRP308,21.999833,92.0879997,546.9999999999686,link
780,N1,LRP308a,21.9951108,92.0873608,4.5,bridge
781,N1,LRP308b,21.9950552,92.0872774,9.3,bridge
782,N1,LRP308c,21.9913886,92.086083,60.000000000002274,link
783,N1,LRP308d,21.9908886,92.0859163,19.000000000005457,link
784,N1,LRP309,21.9907219,92.0858608,159.99999999996817,link
785,N1,LRP309a,21.9893886,92.085333,4.5,bridge
786,N1,LRP309b,21.9862219,92.0835274,4.7,bridge
787,N1,LRP309c,21.9860552,92.0834441,389.00000000001,link
788,N1,LRP310,21.9829716,92.0817771,264.99999999998636,link
789,N1,LRP310a,21.9811104,92.0800271,2.0,bridge
790,N1,LRP310b,21.9810549,92.0799438,3.0,bridge
791,N1,LRP310c,21.9798882,92.0778327,342.0000000000414,link
792,N1,LRP310d,21.9789716,92.0747493,132.99999999998136,link
793,N1,LRP311,21.9781104,92.0739993,1016.9999999999959,link
794,N1,LRP312,21.9729438,92.0670827,170.99999999999227,link
795,N1,LRP312a,21.9720827,92.0657222,564.0000000000214,link
796,N1,LRP312b,21.967666,92.0635,264.99999999998636,link
797,N1,LRP313,21.9654167,92.0625556,254.99999999999545,link
798,N1,LRP313a,21.9620278,92.0633611,21.000000000015007,link
799,N1,LRP313b,21.9618611,92.0634444,13.64,bridge
800,N1,LRP313c,21.9590833,92.0653889,351.99999999997544,link
801,N1,LRP314,21.9578333,92.0665833,84.99999999997954,link
802,N1,LRP314a,21.9569167,92.0673327,9.3,bridge
803,N1,LRP314b,21.9516111,92.0678604,21.000000000015007,link
804,N1,LRP314c,21.9514444,92.0678604,302.99999999999727,link
805,N1,LRP315,21.9489441,92.0675271,461.00000000001273,link
806,N1,LRP315a,21.9446663,92.0668049,3.0,bridge
807,N1,LRP316,21.940583,92.0643889,615.0000000000091,link
808,N1,LRP316a,21.9354441,92.0623056,3.0,bridge
809,N1,LRP316b,21.9333608,92.0614167,156.99999999998226,link
810,N1,LRP317,21.9322216,92.06075,78.00000000003138,link
811,N1,LRP317a,21.931666,92.0603611,56.4,bridge
812,N1,LRP317a,21.931666,92.0603611,56.2,bridge
813,N1,LRP317b,21.9296104,92.0592778,672.999999999945,link
814,N1,LRP318,21.9235827,92.0585,585.0000000000364,link
815,N1,LRP318a,21.9177216,92.0597778,14.3,bridge
816,N1,LRP318b,21.9160833,92.0601389,2.1,bridge
817,N1,LRP319,21.9148333,92.0604722,223.0000000000132,link
818,N1,LRP319a,21.9128611,92.0606667,4.5,bridge
819,N1,LRP319b,21.9083889,92.0605278,3.0,bridge
820,N1,LRP320,21.9059444,92.0609167,307.9999999999927,link
821,N1,LRP320a,21.9031667,92.0611667,15.8,bridge
822,N1,LRP321,21.8969997,92.0612222,62.99999999998818,link
823,N1,LRP321a,21.89646793301105,92.06108684571824,7.3,bridge
824,N1,LRP321b,21.8908886,92.0596667,46.0,bridge
825,N1,LRP321b,21.8908886,92.0596667,45.0,bridge
826,N1,LRP322,21.8883886,92.0600833,833.0000000000268,link
827,N1,LRP322a,21.8810271,92.0589722,14.0,bridge
828,N1,LRP323,21.879416,92.0590833,508.0000000000382,link
829,N1,LRP323a,21.874916,92.0591111,500.99999999997635,link
830,N1,LRP324,21.8704993,92.0591389,906.9999999999823,link
831,N1,LRP324a,21.8625,92.0595,93.00000000001774,link
832,N1,LRP325,21.8616389,92.0596111,221.99999999998,link
833,N1,LRP325a,21.8597222,92.0602778,20.6,bridge
834,N1,LRP325b,21.8592222,92.0604444,723.9999999999895,link
835,N1,LRP326,21.85275,92.0609722,21.000000000015007,link
836,N1,LRP326a,21.8526111,92.0609722,14.2,bridge
837,N1,LRP326b,21.8505,92.0609444,764.9999999999864,link
838,N1,LRP327,21.8441386,92.0628056,213.00000000002228,link
839,N1,LRP327a,21.842583,92.0638611,15.7,bridge
840,N1,LRP327b,21.8399719,92.0651389,482.00000000002774,link
841,N1,LRP328,21.8363052,92.067416,313.99999999996453,link
842,N1,LRP328a,21.8336663,92.0684438,300.0,bridge
843,N1,LRP328a,21.8336663,92.0684438,294.15,bridge
844,N1,LRP328b,21.8322216,92.0689993,482.00000000002774,link
845,N1,LRP329,21.8280827,92.0712771,293.9999999999827,link
846,N1,LRP329a,21.8256938,92.0723882,48.00000000000182,link
847,N1,LRP329b,21.8252771,92.0725549,516.9999999999959,link
848,N1,LRP329c,21.8208882,92.0741104,149.0000000000009,link
849,N1,LRP330,21.8195271,92.0741382,180.99999999998317,link
850,N1,LRP330a,21.8179716,92.073916,831.0000000000173,link
851,N1,LRP331,21.8119444,92.0776382,843.9999999999941,link
852,N1,LRP331a,21.8045278,92.077166,9.3,bridge
853,N1,LRP331b,21.8031389,92.0772493,14.999999999986358,link
854,N1,LRP331c,21.8030278,92.0772771,10.000000000047748,link
855,N1,LRP332,21.8029167,92.0772771,992.999999999995,link
856,N1,LRP333,21.7941941,92.0783882,774.9999999999773,link
857,N1,LRP333a,21.7873886,92.0788882,12.6,bridge
858,N1,LRP333b,21.7864997,92.0790271,137.9999999999768,link
859,N1,LRP334,21.7853052,92.079166,180.00000000000682,link
860,N1,LRP334a,21.7836941,92.0792771,819.0000000000168,link
861,N1,LRP335,21.7782493,92.0840552,79.99999999998408,link
862,N1,LRP335a,21.7776382,92.0843886,12.8,bridge
863,N1,LRP335b,21.7758049,92.0851108,195.00000000005002,link
864,N1,LRP335c,21.7737216,92.0840552,134.9999999999909,link
865,N1,LRP335d,21.7732771,92.0837219,293.00000000000637,link
866,N1,LRP336,21.7713049,92.0818327,24.00000000000091,link
867,N1,LRP336a,21.7711938,92.0816382,9.3,bridge
868,N1,LRP336b,21.7693327,92.079416,428.9999999999736,link
869,N1,LRP336c,21.7664722,92.0767771,236.00000000004684,link
870,N1,LRP337,21.7646389,92.075916,574.9999999999886,link
871,N1,LRP337a,21.7596389,92.0764993,552.9999999999973,link
872,N1,LRP338,21.7546944,92.0770271,1002.0000000000095,link
873,N1,LRP339,21.7466386,92.080916,865.0000000000091,link
874,N1,LRP339a,21.7392497,92.0828604,59.6,bridge
875,N1,LRP339a,21.7392497,92.0828604,58.57,bridge
876,N1,LRP340,21.738083,92.0834163,50.99999999998772,link
877,N1,LRP340a,21.7376386,92.0834719,3.5,bridge
878,N1,LRP340b,21.7315827,92.0838052,181.00000000004002,link
879,N1,LRP340c,21.7299993,92.083833,38.99999999998727,link
880,N1,LRP340d,21.7296382,92.083833,69.00000000001683,link
881,N1,LRP341,21.7290271,92.0838608,688.9999999999645,link
882,N1,LRP341a,21.7229438,92.0834719,54.4,bridge
883,N1,LRP341a,21.7229438,92.0834719,54.03,bridge
884,N1,LRP341b,21.7215549,92.0830827,148.00000000002456,link
885,N1,LRP342,21.7204716,92.0822493,419.9999999999591,link
886,N1,LRP342a,21.7169438,92.0824993,61.0,bridge
887,N1,LRP342a,21.7169438,92.0824993,60.03,bridge
888,N1,LRP343,21.7120833,92.0821104,526.9999999999868,link
889,N1,LRP343a,21.7080278,92.0800549,489.00000000003274,link
890,N1,LRP344,21.7040556,92.0788604,310.0000000000023,link
891,N1,LRP344a,21.7013611,92.0783882,697.9999999999791,link
892,N1,LRP345,21.6957497,92.0805827,1012.0000000000005,link
893,N1,LRP346,21.6868608,92.0800827,1000.0,link
894,N1,LRP347,21.678416,92.0770827,417.00000000003,link
895,N1,LRP347a,21.6747493,92.0766104,7.0,bridge
896,N1,LRP347b,21.6742216,92.0765549,5.2,bridge
897,N1,LRP347c,21.6704438,92.0762771,34.00000000004866,link
898,N1,LRP348,21.6695549,92.0760549,96.00000000000364,link
899,N1,LRP348a,21.6688327,92.0759438,9.3,bridge
900,N1,LRP348b,21.6618889,92.074916,14.0,bridge
901,N1,LRP349,21.6606111,92.0750827,175.99999999998772,link
902,N1,LRP349a,21.6590556,92.0751382,1.4,bridge
903,N1,LRP349b,21.653,92.0751382,4.5,bridge
904,N1,LRP350,21.6518056,92.0737771,237.0000000000232,link
905,N1,LRP350a,21.6497219,92.0733049,2.5,bridge
906,N1,LRP350b,21.6491941,92.0733049,17.99999999997226,link
907,N1,LRP350c,21.649083,92.0733049,251.0000000000332,link
908,N1,LRP350d,21.6468052,92.0733604,447.00000000000273,link
909,N1,LRP351,21.6428608,92.0732216,1017.9999999999723,link
910,N1,LRP352,21.634833,92.0770271,1028.00000000002,link
911,N1,LRP353,21.6259716,92.0773882,733.9999999999804,link
912,N1,LRP353a,21.6213604,92.0724438,4.8,bridge
913,N1,LRP354,21.6197771,92.0705271,399.0000000000009,link
914,N1,LRP354a,21.617166,92.0679993,46.0,bridge
915,N1,LRP354a,21.617166,92.0679993,46.0,bridge
916,N1,LRP354b,21.6167771,92.0678049,58.99999999996908,link
917,N1,LRP354c,21.6150556,92.0667771,115.0000000000091,link
918,N1,LRP355,21.61225,92.0652222,140.0000000000432,link
919,N1,LRP355a,21.610086825,92.06399479375,179.99999999994998,link
920,N1,LRP355b,21.6073056,92.0624167,797.0000000000255,link
921,N1,LRP356,21.6039167,92.0619444,57.00000000001637,link
922,N1,LRP356a,21.603029505025123,92.061920540201,341.0000000000082,link
923,N1,LRP356b,21.5977219,92.0617778,601.9999999999754,link
924,N1,LRP357,21.5951108,92.0611944,81.99999999999363,link
925,N1,LRP357a,21.59379884019608,92.06161870980392,14.0,bridge
926,N1,LRP357b,21.588583,92.0633056,503.99999999996226,link
927,N1,LRP358,21.5875274,92.0650278,100.00000000002274,link
928,N1,LRP358a,21.5861941,92.0650278,3.0,bridge
929,N1,LRP358b,21.584833,92.0652222,2.5,bridge
930,N1,LRP359,21.5791938,92.0668049,129.0000000000191,link
931,N1,LRP359a,21.5769993,92.0697216,7.5,bridge
932,N1,LRP360,21.5717216,92.0718049,694.0000000000168,link
933,N1,LRP360a,21.564,92.0702493,14.0,bridge
934,N1,LRP361,21.5629444,92.0700271,134.9999999999909,link
935,N1,LRP361a,21.5618056,92.0696382,120.9999999999809,link
936,N1,LRP361b,21.5608333,92.0692771,746.0000000000377,link
937,N1,LRP362,21.5555,92.0679716,195.99999999996953,link
938,N1,LRP362a,21.5553056,92.067916,52.00000000002092,link
939,N1,LRP362b,21.5548889,92.0678049,423.0000000000018,link
940,N1,LRP362c,21.5484719,92.0670827,45.99999999999227,link
941,N1,LRP362d,21.548083,92.0670271,182.99999999999272,link
942,N1,LRP363,21.546583,92.0668327,887.0000000000005,link
943,N1,LRP364,21.538333,92.0639722,1016.0000000000196,link
944,N1,LRP365,21.5294993,92.0650278,32.99999999995862,link
945,N1,LRP365a,21.5283049,92.0650833,14.0,bridge
946,N1,LRP365b,21.5264716,92.0651944,343.9999999999941,link
947,N1,LRP365c,21.5234716,92.0656111,19.99999999998181,link
948,N1,LRP365d,21.5233049,92.0656389,139.00000000001,link
949,N1,LRP365e,21.5220827,92.0658611,161.99999999997772,link
950,N1,LRP366,21.520666,92.0661667,555.0000000000068,link
951,N1,LRP366a,21.5161111,92.068166,423.9999999999782,link
952,N1,LRP366b,21.5126944,92.0698604,27.000000000043656,link
953,N1,LRP367,21.5125556,92.0699438,512.0000000000005,link
954,N1,LRP367a,21.5083889,92.0717493,9.2,bridge
955,N1,LRP367b,21.5069722,92.072916,283.9999999999918,link
956,N1,LRP368,21.505,92.0745549,911.0000000000014,link
957,N1,LRP368a,21.4974719,92.0765549,1.5,bridge
958,N1,LRP369,21.4968608,92.0769438,48.00000000000182,link
959,N1,LRP369a,21.4964441,92.077166,3.0,bridge
960,N1,LRP370,21.4901941,92.0818049,985.99999999999,link
961,N1,LRP371,21.4870274,92.0898052,274.0000000000009,link
962,N1,LRP371a,21.4851386,92.091333,8.2,bridge
963,N1,LRP372,21.4793604,92.0938886,357.99999999994725,link
964,N1,LRP372a,21.4767771,92.0957497,12.4,bridge
965,N1,LRP372b,21.4750549,92.0971663,522.0000000000482,link
966,N1,LRP373,21.4713604,92.0997497,20.999999999958163,link
967,N1,LRP373a,21.4712216,92.0998886,2.0,bridge
968,N1,LRP373b,21.4708049,92.1002222,6.8,bridge
969,N1,LRP373c,21.4667216,92.1025,367.00000000001864,link
970,N1,LRP374,21.4635833,92.1029167,968.9999999999941,link
971,N1,LRP375,21.4564722,92.1038056,379.99999999999545,link
972,N1,LRP375a,21.4545,92.10075,13.0,bridge
973,N1,LRP375a,21.4545,92.10075,13.0,bridge
974,N1,LRP375b,21.4512778,92.0994441,222.00000000003683,link
975,N1,LRP376,21.4496108,92.0994997,57.00000000001637,link
976,N1,LRP376a,21.4494719,92.0995274,9.2,bridge
977,N1,LRP376b,21.443833,92.1014167,223.99999999998954,link
978,N1,LRP376c,21.4421663,92.1008611,56.00000000004002,link
979,N1,LRP376d,21.4417497,92.1006667,62.00000000001182,link
980,N1,LRP377,21.4413608,92.1003611,466.99999999998454,link
981,N1,LRP377a,21.4375552,92.0984997,148.5,bridge
982,N1,LRP377a,21.4375552,92.0984997,136.3,bridge
983,N1,LRP377b,21.434583,92.0973886,149.0000000000009,link
984,N1,LRP378,21.4334441,92.0969997,284.99999999996817,link
985,N1,LRP378a,21.4310271,92.0961941,4.5,bridge
986,N1,LRP378b,21.4290271,92.0954997,11.3,bridge
987,N1,LRP378c,21.4284993,92.0951941,112.99999999999955,link
988,N1,LRP378d,21.4283604,92.0941663,283.9999999999918,link
989,N1,LRP379,21.4281104,92.0914719,190.99999999997408,link
990,N1,LRP379a,21.427916,92.0896108,2.4,bridge
991,N1,LRP379b,21.4278882,92.0893886,7.2,bridge
992,N1,LRP379c,21.4271104,92.084083,8.1,bridge
993,N1,LRP380,21.4269716,92.0821104,175.99999999998772,link
994,N1,LRP380a,21.4267771,92.0804716,10.9,bridge
995,N1,LRP380b,21.4264716,92.0767771,403.99999999999636,link
996,N1,LRP381,21.4267216,92.0730827,261.0000000000241,link
997,N1,LRP381a,21.427416,92.0707216,2.2,bridge
998,N1,LRP382,21.4276938,92.0643611,131.00000000002865,link
999,N1,LRP382a,21.4270827,92.0632778,3.0,bridge
1000,N1,LRP382b,21.4273327,92.0608333,2.8,bridge
1001,N1,LRP382c,21.4278882,92.0576667,10.0,bridge
1002,N1,LRP382d,21.4280549,92.0554167,28.999999999996362,link
1003,N1,LRP383,21.4280827,92.0551389,232.00000000002774,link
1004,N1,LRP383a,21.4280549,92.0529444,1.6,bridge
1005,N1,LRP383b,21.4274993,92.0484441,3.6,bridge
1006,N1,LRP383c,21.4275271,92.0483886,8.0,bridge
1007,N1,LRP384,21.4287771,92.0461941,233.99999999998045,link
1008,N1,LRP384a,21.4295549,92.044083,8.3,bridge
1009,N1,LRP384b,21.4298049,92.0392774,22.0,bridge
1010,N1,LRP385,21.4296938,92.0368608,223.99999999998954,link
1011,N1,LRP385a,21.4289716,92.0348608,2.7,bridge
1012,N1,LRP385b,21.4294438,92.0316104,2.7,bridge
1013,N1,LRP385c,21.4300827,92.0304716,2.9,bridge
1014,N1,LRP385d,21.430416,92.0293049,1.8,bridge
1015,N1,LRP386,21.430166,92.0283604,45.99999999999227,link
1016,N1,LRP386a,21.4298882,92.0279716,0.8,bridge
1017,N1,LRP386b,21.4262493,92.0235827,1.5,bridge
1018,N1,LRP386c,21.4258604,92.023166,1.5,bridge
1019,N1,LRP387,21.4258049,92.0232493,581.9999999999936,link
1020,N1,LRP387a,21.4225549,92.0274438,1.3,bridge
1021,N1,LRP387b,21.4220827,92.0278604,1.3,bridge
1022,N1,LRP388,21.4199716,92.0302493,265.9999999999627,link
1023,N1,LRP388a,21.4191104,92.032416,1.3,bridge
1024,N1,LRP388b,21.4165,92.0353052,1.3,bridge
1025,N1,LRP388c,21.4156389,92.0367219,7.1,bridge
1026,N1,LRP389,21.4150556,92.037833,235.00000000001364,link
1027,N1,LRP389a,21.4135833,92.0393886,2.5,bridge
1028,N1,LRP389b,21.4120556,92.039583,1.3,bridge
1029,N1,LRP389c,21.4115,92.0438052,2.2,bridge
1030,N1,LRP389d,21.4111667,92.0441108,4.0,bridge
1031,N1,LRP389e,21.4103056,92.0453052,57.00000000001637,link
1032,N1,LRP390,21.4101111,92.0458052,242.999999999995,link
1033,N1,LRP390a,21.41025,92.0480552,21.5,bridge
1034,N1,LRP390a,21.41025,92.0480552,21.5,bridge
1035,N1,LRP390b,21.4103333,92.0508333,272.9999999999677,link
1036,N1,LRP390c,21.4094167,92.0531944,11.3,bridge
1037,N1,LRP391,21.4090833,92.05475,210.00000000003638,link
1038,N1,LRP391a,21.4079722,92.056,14.1,bridge
1039,N1,LRP391b,21.4067222,92.0570556,293.00000000000637,link
1040,N1,LRP391c,21.4058611,92.0594167,2.3,bridge
1041,N1,LRP392,21.4040556,92.0619722,157.0000000000391,link
1042,N1,LRP392a,21.4039167,92.0628333,24.1,bridge
1043,N1,LRP392b,21.4008889,92.0658611,262.9999999999768,link
1044,N1,LRP392c,21.3986941,92.0665556,14.999999999986358,link
1045,N1,LRP392d,21.398583,92.0665833,165.99999999999682,link
1046,N1,LRP392e,21.3971663,92.0668882,19.000000000005457,link
1047,N1,LRP393,21.3969719,92.066916,435.0000000000023,link
1048,N1,LRP393a,21.393333,92.068166,45.6,bridge
1049,N1,LRP393b,21.3891108,92.0686938,17.99999999997226,link
1050,N1,LRP393c,21.3889441,92.0688049,5.0,bridge
1051,N1,LRP394,21.3885274,92.0692771,147.9999999999677,link
1052,N1,LRP394a,21.3873052,92.0697771,11.2,bridge
1053,N1,LRP394b,21.3858886,92.0704438,152.99999999996317,link
1054,N1,LRP394c,21.384583,92.0704993,1.3,bridge
1055,N1,LRP394d,21.3839441,92.0705827,151.9999999999868,link
1056,N1,LRP394e,21.3826938,92.0710271,49.3,bridge
1057,N1,LRP394f,21.3813049,92.0710827,29.999999999972715,link
1058,N1,LRP394g,21.3811104,92.0710827,179.00000000003047,link
1059,N1,LRP395,21.3796104,92.0706104,91.00000000000819,link
1060,N1,LRP395a,21.378916,92.0703327,2.4,bridge
1061,N1,LRP395b,21.3775827,92.0703604,38.99999999998727,link
1062,N1,LRP395c,21.3773882,92.0706104,182.00000000001637,link
1063,N1,LRP395d,21.3762216,92.0718049,164.99999999996362,link
1064,N1,LRP395e,21.3752493,92.0727771,115.0000000000091,link
1065,N1,LRP395f,21.3747771,92.0734993,64.99999999999773,link
1066,N1,LRP395g,21.3745549,92.0739716,173.00000000000182,link
1067,N1,LRP395h,21.3742493,92.0755271,16.000000000019554,link
1068,N1,LRP396,21.3742493,92.0756938,158.00000000001546,link
1069,N1,LRP396a,21.3736938,92.0768327,2.3,bridge
1070,N1,LRP396b,21.3731938,92.0773327,61.3,bridge
1071,N1,LRP396c,21.3714993,92.0785549,206.00000000001728,link
1072,N1,LRP396d,21.3698327,92.0796104,262.00000000000045,link
1073,N1,LRP396e,21.3678882,92.0803327,134.00000000001455,link
1074,N1,LRP396f,21.3669438,92.0807771,84.00000000000318,link
1075,N1,LRP397,21.3662778,92.0810549,63.99999999996453,link
1076,N1,LRP397a,21.3657222,92.0812771,151.00000000001046,link
1077,N1,LRP397b,21.3644167,92.081416,341.0000000000082,link
1078,N1,LRP397c,21.3615,92.0806382,427.99999999999727,link
1079,N1,LRP397d,21.3580833,92.0790271,44.00000000003956,link
1080,N1,LRP398,21.35775,92.0790271,63.99999999996453,link
1081,N1,LRP398a,21.3571944,92.0791104,14.1,bridge
1082,N1,LRP398b,21.3563333,92.0790827,11.0,bridge
1083,N1,LRP398c,21.35525,92.0790827,305.0000000000068,link
1084,N1,LRP398d,21.3526667,92.0783327,10.3,bridge
1085,N1,LRP399,21.3490552,92.0784716,312.0000000000118,link
1086,N1,LRP399a,21.3463608,92.0790271,26.00000000001046,link
1087,N1,LRP399b,21.3461386,92.0789993,535.000000000025,link
1088,N1,LRP399c,21.3414997,92.0788327,122.99999999999045,link
1089,N1,LRP400,21.3404997,92.0784993,267.99999999997226,link
1090,N1,LRP400a,21.3381941,92.078916,14.0,bridge
1091,N1,LRP400b,21.3324716,92.0790827,23.5,bridge
1092,N1,LRP401,21.3311104,92.0788604,158.00000000001546,link
1093,N1,LRP401a,21.3297771,92.0787771,50.6,bridge
1094,N1,LRP401b,21.3295271,92.0789438,829.0000000000077,link
1095,N1,LRP402,21.324666,92.084583,105.99999999999454,link
1096,N1,LRP402a,21.3241104,92.085333,6.6,bridge
1097,N1,LRP402b,21.3238049,92.0857219,2.4,bridge
1098,N1,LRP402c,21.3207493,92.0893052,17.0,bridge
1099,N1,LRP403,21.3187493,92.0916108,115.0000000000091,link
1100,N1,LRP403a,21.3179438,92.0921663,2.4,bridge
1101,N1,LRP403b,21.3177771,92.0922497,11.1,bridge
1102,N1,LRP403c,21.317666,92.0930274,713.0000000000223,link
1103,N1,LRP403d,21.3125,92.096333,8.5,bridge
1104,N1,LRP403e,21.3121944,92.0966941,24.00000000000091,link
1105,N1,LRP404,21.3120278,92.0969163,219.99999999997044,link
1106,N1,LRP404a,21.3101667,92.0974997,2.4,bridge
1107,N1,LRP404b,21.3039722,92.0967497,20.7,bridge
1108,N1,LRP405,21.3037778,92.0968052,555.0000000000068,link
1109,N1,LRP405a,21.2989441,92.0976108,425.9999999999877,link
1110,N1,LRP405b,21.2956386,92.0993886,74.00000000001228,link
1111,N1,LRP405c,21.2949997,92.0993886,7.999999999981355,link
1112,N1,LRP406,21.2949163,92.0994163,963.9999999999986,link
1113,N1,LRP407,21.2863608,92.1001667,274.99999999997726,link
1114,N1,LRP407a,21.2839441,92.1005278,136.0000000000241,link
1115,N1,LRP407b,21.282777512080536,92.10067986442952,12.999999999976808,link
1116,N1,LRP407c,21.282666,92.1006944,427.99999999999727,link
1117,N1,LRP407d,21.2790827,92.1019722,168.00000000000637,link
1118,N1,LRP408,21.277666,92.1026111,996.0000000000377,link
1119,N1,LRP409,21.2695827,92.1066111,14.999999999986358,link
1120,N1,LRP409a,21.2694716,92.1066667,2.2,bridge
1121,N1,LRP409b,21.2678604,92.1088333,10.9,bridge
1122,N1,LRP409c,21.2677493,92.109,581.0000000000173,link
1123,N1,LRP409d,21.2646111,92.1134444,2.1,bridge
1124,N1,LRP410,21.2641111,92.1140833,14.000000000010004,link
1125,N1,LRP410a,21.2639722,92.1141944,2.0,bridge
1126,N1,LRP410b,21.2637222,92.1144722,1.8,bridge
1127,N1,LRP410c,21.2623611,92.1161667,2.2,bridge
1128,N1,LRP410d,21.26225,92.1163056,714.999999999975,link
1129,N1,LRP411,21.2580278,92.1214438,223.99999999998954,link
1130,N1,LRP411a,21.2565556,92.122916,6.4,bridge
1131,N1,LRP411b,21.2565,92.1229716,2.2,bridge
1132,N1,LRP411c,21.2550278,92.1245827,250.0,link
1133,N1,LRP411d,21.2537778,92.1266382,276.00000000001046,link
1134,N1,LRP412,21.2521944,92.1286104,16.999999999995907,link
1135,N1,LRP412a,21.2521111,92.1287493,3.1,bridge
1136,N1,LRP412b,21.2504722,92.1307493,39.3,bridge
1137,N1,LRP412b,21.2504722,92.1307493,38.7,bridge
1138,N1,LRP412c,21.2504167,92.1307493,781.0000000000059,link
1139,N1,LRP412d,21.248083,92.1341108,3.0,bridge
1140,N1,LRP412e,21.2479997,92.1342219,40.99999999999682,link
1141,N1,LRP413,21.2462219,92.1364719,300.00000000001137,link
1142,N1,LRP413a,21.2447497,92.1389441,9.4,bridge
1143,N1,LRP413a,21.2447497,92.1389441,9.4,bridge
1144,N1,LRP413b,21.242333,92.1413608,15.4,bridge
1145,N1,LRP413b,21.242333,92.1413608,15.4,bridge
1146,N1,LRP413c,21.2422219,92.1415552,302.0000000000209,link
1147,N1,LRP414,21.2412497,92.1440552,979.9999999999613,link
1148,N1,LRP415,21.2357774,92.1511667,998.0000000000473,link
1149,N1,LRP416,21.236333,92.1586667,1009.9999999999909,link
1150,N1,LRP417,21.2283604,92.1617222,264.99999999998636,link
1151,N1,LRP417a,21.2261382,92.1611667,3.0,bridge
1152,N1,LRP417b,21.2243327,92.1614444,4.6,bridge
1153,N1,LRP418,21.2198049,92.1618611,400.0000000000341,link
1154,N1,LRP418a,21.2165556,92.1626944,9.4,bridge
1155,N1,LRP418b,21.2152778,92.1649722,15.2,bridge
1156,N1,LRP418b,21.2152778,92.1649722,15.2,bridge
1157,N1,LRP418c,21.2142778,92.166666,106.00000000005139,link
1158,N1,LRP419,21.21375,92.1674438,127.9999999999859,link
1159,N1,LRP419a,21.2127222,92.1678882,57.6,bridge
1160,N1,LRP419a,21.2127222,92.1678882,58.0,bridge
1161,N1,LRP419b,21.2105833,92.1681382,100.00000000002274,link
1162,N1,LRP419c,21.2096944,92.168416,3.3,bridge
1163,N1,LRP420,21.2056389,92.1703327,526.9999999999868,link
1164,N1,LRP420a,21.2011389,92.170416,15.4,bridge
1165,N1,LRP420a,21.2011389,92.170416,15.4,bridge
1166,N1,LRP420b,21.1989997,92.1703604,125.0,link
1167,N1,LRP420c,21.1977219,92.1705549,3.3,bridge
1168,N1,LRP421,21.1969441,92.1707493,47.000000000025466,link
1169,N1,LRP421a,21.1965552,92.1708604,12.3,bridge
1170,N1,LRP421a,21.1965552,92.1708604,12.3,bridge
1171,N1,LRP421b,21.1925552,92.1697216,42.00000000003001,link
1172,N1,LRP421c,21.1923052,92.1695271,1.2,bridge
1173,N1,LRP421d,21.1906108,92.167916,15.2,bridge
1174,N1,LRP421d,21.1906108,92.167916,15.2,bridge
1175,N1,LRP422,21.1897497,92.166666,456.99999999999363,link
1176,N1,LRP422a,21.1866386,92.1638056,1.3,bridge
1177,N1,LRP422b,21.1859441,92.1610833,3.3,bridge
1178,N1,LRP422c,21.185833,92.1609167,4.7,bridge
1179,N1,LRP423,21.1843052,92.1594167,699.0000000000123,link
1180,N1,LRP423a,21.178666,92.1574722,1.2,bridge
1181,N1,LRP424,21.1761938,92.1566111,242.999999999995,link
1182,N1,LRP424a,21.1742771,92.1557222,6.4,bridge
1183,N1,LRP424a,21.1742771,92.1557222,6.4,bridge
1184,N1,LRP424b,21.1718327,92.1551389,3.35,bridge
1185,N1,LRP424c,21.1698049,92.1545833,13.0,bridge
1186,N1,LRP424c,21.1698049,92.1545833,13.0,bridge
1187,N1,LRP424d,21.1694993,92.1543056,155.00000000002956,link
1188,N1,LRP424e,21.168416,92.1532778,3.2,bridge
1189,N1,LRP425,21.1677216,92.1527778,64.99999999999773,link
1190,N1,LRP425a,21.1673327,92.1524167,3.4,bridge
1191,N1,LRP425b,21.1652222,92.1521667,2.8,bridge
1192,N1,LRP425c,21.1649444,92.1521944,12.8,bridge
1193,N1,LRP425c,21.1649444,92.1521944,12.8,bridge
1194,N1,LRP425d,21.16325,92.1522222,88.99999999999864,link
1195,N1,LRP425e,21.1624722,92.1522778,1.2,bridge
1196,N1,LRP425f,21.1604167,92.1525,108.00000000000409,link
1197,N1,LRP426,21.1595,92.1526111,21.000000000015007,link
1198,N1,LRP426a,21.1593056,92.1526111,1.2,bridge
1199,N1,LRP426b,21.1586667,92.1525,1.2,bridge
1200,N1,LRP426c,21.1556389,92.1527778,2.8,bridge
1201,N1,LRP426d,21.1537778,92.1528611,2.8,bridge
1202,N1,LRP426e,21.1521944,92.1535278,1.2,bridge
1203,N1,LRP427,21.1507222,92.1545,538.0000000000109,link
1204,N1,LRP427a,21.147333,92.1574167,1.2,bridge
1205,N1,LRP427b,21.1442774,92.1586389,34.2,bridge
1206,N1,LRP427b,21.1442774,92.1586389,34.2,bridge
1207,N1,LRP427c,21.1441663,92.1586944,81.00000000001728,link
1208,N1,LRP428,21.1435274,92.1589722,247.99999999999045,link
1209,N1,LRP428a,21.1414997,92.1599167,2.7,bridge
1210,N1,LRP428b,21.1410552,92.1602222,2.7,bridge
1211,N1,LRP428c,21.1381108,92.1648611,4.2,bridge
1212,N1,LRP429,21.1379719,92.1659167,122.99999999999045,link
1213,N1,LRP429a,21.137833,92.1671104,1.2,bridge
1214,N1,LRP429b,21.1375552,92.1683049,2.8,bridge
1215,N1,LRP429c,21.1372219,92.1708882,1.2,bridge
1216,N1,LRP429d,21.1371108,92.1727771,14.0,bridge
1217,N1,LRP429d,21.1371108,92.1727771,14.0,bridge
1218,N1,LRP429e,21.1368886,92.173916,30.00000000002956,link
1219,N1,LRP429f,21.1367219,92.1741382,1.2,bridge
1220,N1,LRP430,21.1363886,92.1752493,31.999999999982265,link
1221,N1,LRP430a,21.1363608,92.1755549,1.0,bridge
1222,N1,LRP430b,21.1353886,92.1770827,1.0,bridge
1223,N1,LRP430c,21.1333886,92.1806938,3.0,bridge
1224,N1,LRP430d,21.1333608,92.1808327,6.1,bridge
1225,N1,LRP430e,21.1329438,92.1824438,96.99999999997999,link
1226,N1,LRP431,21.1326938,92.183333,159.99999999996817,link
1227,N1,LRP431a,21.1319716,92.1846108,5.8,bridge
1228,N1,LRP431b,21.1309716,92.1856941,1.3,bridge
1229,N1,LRP432,21.1269438,92.1902219,12.000000000000455,link
1230,N1,LRP432a,21.1268327,92.1902774,1.2,bridge
1231,N1,LRP432b,21.1242771,92.1918886,30.9,bridge
1232,N1,LRP432b,21.1242771,92.1918886,30.9,bridge
1233,N1,LRP432c,21.1239993,92.1919997,134.00000000001455,link
1234,N1,LRP432d,21.1229993,92.1926663,112.99999999999955,link
1235,N1,LRP432e,21.122166,92.1931941,84.99999999997954,link
1236,N1,LRP432f,21.1214993,92.1935552,283.00000000001546,link
1237,N1,LRP433,21.1198604,92.1954719,110.99999999999,link
1238,N1,LRP433a,21.1190827,92.1960274,1.2,bridge
1239,N1,LRP433b,21.1175827,92.1966663,9.4,bridge
1240,N1,LRP433b,21.1175827,92.1966663,9.4,bridge
1241,N1,LRP433c,21.1165,92.1969163,11.8,bridge
1242,N1,LRP433c,21.1165,92.1969163,11.8,bridge
1243,N1,LRP433d,21.1161389,92.1969997,2.8,bridge
1244,N1,LRP433e,21.1158333,92.1971386,86.99999999998909,link
1245,N1,LRP433f,21.1151667,92.1975552,77.99999999997453,link
1246,N1,LRP433g,21.1146111,92.1979719,377.00000000000955,link
1247,N1,LRP434,21.1121111,92.2002778,47.000000000025466,link
1248,N1,LRP434a,21.1118611,92.2006389,1.2,bridge
1249,N1,LRP434b,21.1090556,92.2045278,31.7,bridge
1250,N1,LRP434c,21.1078333,92.2058611,197.99999999997908,link
1251,N1,LRP434d,21.1078333,92.2069444,69.99999999999318,link
1252,N1,LRP435,21.1058333,92.20725,64.00000000002137,link
1253,N1,LRP435a,21.1053611,92.2073889,1.2,bridge
1254,N1,LRP435b,21.1043611,92.2075278,1.2,bridge
1255,N1,LRP435c,21.1026389,92.2077778,6.2,bridge
1256,N1,LRP435d,21.1012778,92.2081389,220.00000000002728,link
1257,N1,LRP435e,21.0996386,92.2091667,284.99999999996817,link
1258,N1,LRP436,21.0975552,92.2105,28.00000000002001,link
1259,N1,LRP436a,21.097333,92.2106111,32.1,bridge
1260,N1,LRP436a,21.097333,92.2106111,32.1,bridge
1261,N1,LRP436b,21.0939441,92.2118611,36.000000000001364,link
1262,N1,LRP436c,21.0936663,92.2119444,158.00000000001546,link
1263,N1,LRP436d,21.0923052,92.2123333,235.00000000001364,link
1264,N1,LRP436e,21.090333,92.2129444,143.9999999999486,link
1265,N1,LRP437,21.0891941,92.2135,346.00000000000364,link
1266,N1,LRP437a,21.0864997,92.2151111,4.4,bridge
1267,N1,LRP437b,21.0859441,92.2153889,2.9,bridge
1268,N1,LRP437c,21.0838608,92.2161111,332.99999999997,link
1269,N1,LRP438,21.0811104,92.2169438,105.00000000001819,link
1270,N1,LRP438a,21.0803049,92.2174993,2.8,bridge
1271,N1,LRP438b,21.0783327,92.2186382,2.8,bridge
1272,N1,LRP438c,21.077916,92.2189993,1.9,bridge
1273,N1,LRP438d,21.0765549,92.2209993,259.00000000001455,link
1274,N1,LRP438e,21.0745271,92.2220549,146.000000000015,link
1275,N1,LRP439,21.0735271,92.2226104,110.00000000001364,link
1276,N1,LRP439a,21.0728327,92.2232216,45.6,bridge
1277,N1,LRP439a,21.0728327,92.2232216,45.6,bridge
1278,N1,LRP439b,21.071666,92.2242216,312.0000000000118,link
1279,N1,LRP439c,21.0691104,92.2246382,2.8,bridge
1280,N1,LRP439d,21.0668882,92.2246104,146.000000000015,link
1281,N1,LRP440,21.0655833,92.2245549,77.99999999997453,link
1282,N1,LRP440a,21.0650556,92.2245271,12.5,bridge
1283,N1,LRP440a,21.0650556,92.2245271,12.5,bridge
1284,N1,LRP440b,21.063,92.2254993,187.99999999998818,link
1285,N1,LRP440c,21.0615556,92.2262771,204.00000000000773,link
1286,N1,LRP440d,21.0597778,92.2263882,14.999999999986358,link
1287,N1,LRP440e,21.0596667,92.2263882,341.99999999998454,link
1288,N1,LRP441,21.0565833,92.2266104,184.00000000002592,link
1289,N1,LRP441a,21.0549722,92.2268049,29.9,bridge
1290,N1,LRP441a,21.0549722,92.2268049,29.9,bridge
1291,N1,LRP441b,21.0513611,92.2302493,37.99999999995407,link
1292,N1,LRP441c,21.0513611,92.2305827,125.0,link
1293,N1,LRP442,21.0513056,92.2317493,64.00000000002137,link
1294,N1,LRP442a,21.0512778,92.2323327,1.2,bridge
1295,N1,LRP442b,21.0507222,92.2338608,327.99999999997453,link
1296,N1,LRP442c,21.0479441,92.2346386,381.00000000002865,link
1297,N1,LRP442d,21.0446941,92.2356941,86.99999999998909,link
1298,N1,LRP443,21.0439163,92.2359441,396.99999999999136,link
1299,N1,LRP443a,21.0407497,92.2374997,36.6,bridge
1300,N1,LRP443a,21.0407497,92.2374997,36.6,bridge
1301,N1,LRP443b,21.0363608,92.2396941,40.99999999999682,link
1302,N1,LRP443c,21.0360552,92.2398608,2.8,bridge
1303,N1,LRP444,21.0338608,92.2407774,203.00000000003138,link
1304,N1,LRP444a,21.0321104,92.241083,1.2,bridge
1305,N1,LRP444b,21.0300549,92.2413608,8.8,bridge
1306,N1,LRP444b,21.0300549,92.2413608,8.8,bridge
1307,N1,LRP444c,21.0269438,92.2416941,1.2,bridge
1308,N1,LRP445,21.0249993,92.2418608,243.99999999997135,link
1309,N1,LRP445a,21.0228882,92.2420274,9.2,bridge
1310,N1,LRP445a,21.0228882,92.2420274,9.2,bridge
1311,N1,LRP445b,21.0226104,92.2420552,41.75,bridge
1312,N1,LRP445b,21.0226104,92.2420552,41.75,bridge
1313,N1,LRP446,21.0186104,92.2431386,206.99999999999363,link
1314,N1,LRP446a,21.0169993,92.2440274,7.5,bridge
1315,N1,LRP446a,21.0169993,92.2440274,7.5,bridge
1316,N1,LRP446b,21.0150833,92.245333,35.5,bridge
1317,N1,LRP446b,21.0150833,92.245333,37.2,bridge
1318,N1,LRP447,21.0107222,92.2487219,91.00000000000819,link
1319,N1,LRP447a,21.0101389,92.2492497,2.7,bridge
1320,N1,LRP447b,21.0078889,92.251,1.2,bridge
1321,N1,LRP447c,21.0064444,92.2520833,38.6,bridge
1322,N1,LRP447c,21.0064444,92.2520833,38.0,bridge
1323,N1,LRP448,21.0029444,92.2531944,444.9999999999932,link
1324,N1,LRP448a,20.9990274,92.2537778,51.0,bridge
1325,N1,LRP448a,20.9990274,92.2537778,49.6,bridge
1326,N1,LRP448b,20.9986386,92.2538889,502.9999999999859,link
1327,N1,LRP448c,20.9942497,92.2545278,13.5,bridge
1328,N1,LRP448c,20.9942497,92.2545278,13.5,bridge
1329,N1,LRP449,20.9940274,92.2546111,742.0000000000186,link
1330,N1,LRP449a,20.9875274,92.2545556,13.5,bridge
1331,N1,LRP449a,20.9875274,92.2545556,13.5,bridge
1332,N1,LRP450,20.9852774,92.2536389,891.9999999999959,link
1333,N1,LRP450a,20.9778049,92.25075,37.6,bridge
1334,N1,LRP450a,20.9778049,92.25075,37.6,bridge
1335,N1,LRP450b,20.9775827,92.2506111,76.00000000002183,link
1336,N1,LRP451,20.9769438,92.2502222,860.99999999999,link
1337,N1,LRP451a,20.9697216,92.2485552,1.2,bridge
1338,N1,LRP452,20.9682771,92.2488052,118.99999999997135,link
1339,N1,LRP452a,20.9673604,92.2491663,30.0,bridge
1340,N1,LRP452a,20.9673604,92.2491663,29.3,bridge
1341,N1,LRP452b,20.9671104,92.2494441,336.9999999999891,link
1342,N1,LRP452c,20.9648611,92.2515278,2.8,bridge
1343,N1,LRP452d,20.9622778,92.2528889,2.8,bridge
1344,N1,LRP452e,20.9620556,92.2530556,2.8,bridge
1345,N1,LRP453,20.9606389,92.2535,302.0000000000209,link
1346,N1,LRP453a,20.9580833,92.2543056,15.1,bridge
1347,N1,LRP453a,20.9580833,92.2543056,15.1,bridge
1348,N1,LRP453b,20.9566667,92.2548056,336.00000000001273,link
1349,N1,LRP453c,20.9538889,92.2559722,93.00000000001774,link
1350,N1,LRP453d,20.9531667,92.2562778,120.00000000000455,link
1351,N1,LRP453e,20.95225,92.2566111,15.99999999996271,link
1352,N1,LRP454,20.9521667,92.2566944,335.0000000000364,link
1353,N1,LRP454a,20.94957125079681,92.25817740896414,9.0,bridge
1354,N1,LRP454a,20.94957125079681,92.25817740896414,9.0,bridge
1355,N1,LRP454b,20.9482774,92.2589167,9.0,bridge
1356,N1,LRP454b,20.9482774,92.2589167,9.0,bridge
1357,N1,LRP454c,20.9481386,92.2593056,330.0000000000409,link
1358,N1,LRP454d,20.9459163,92.2603333,186.99999999995498,link
1359,N1,LRP455,20.9445552,92.2603333,99.00000000004638,link
1360,N1,LRP455a,20.9436941,92.2603056,37.3,bridge
1361,N1,LRP455a,20.9436941,92.2603056,37.3,bridge
1362,N1,LRP455b,20.9373886,92.2623333,40.000000000020464,link
1363,N1,LRP455c,20.9371108,92.2624722,108.99999999998045,link
1364,N1,LRP456,20.9361663,92.2628611,12.000000000000455,link
1365,N1,LRP456a,20.9361108,92.2628611,1.5,bridge
1366,N1,LRP456b,20.9346663,92.2631667,1.5,bridge
1367,N1,LRP456c,20.934333,92.26325,35.9,bridge
1368,N1,LRP456c,20.934333,92.26325,35.9,bridge
1369,N1,LRP456d,20.9330549,92.2635,388.00000000003365,link
1370,N1,LRP456e,20.929666,92.2641111,36.99999999997772,link
1371,N1,LRP456f,20.9293327,92.2641389,256.00000000002865,link
1372,N1,LRP457,20.9270827,92.2644444,380.9999999999718,link
1373,N1,LRP457a,20.9238882,92.2653889,50.99999999998772,link
1374,N1,LRP457b,20.9234993,92.2656111,530.0000000000296,link
1375,N1,LRP457c,20.9195827,92.268416,16.999999999995907,link
1376,N1,LRP457d,20.9194993,92.2684716,55.00000000000682,link
1377,N1,LRP457e,20.9189993,92.2686382,29.999999999972715,link
1378,N1,LRP458,20.9187771,92.2687771,140.0000000000432,link
1379,N1,LRP458a,20.9176382,92.2692493,254.99999999999545,link
1380,N1,LRP458b,20.9157222,92.2704993,37.99999999995407,link
1381,N1,LRP458c,20.9154167,92.2706938,232.00000000002774,link
1382,N1,LRP458d,20.9136389,92.2718604,83.00000000002683,link
1383,N1,LRP458e,20.9132778,92.2721938,117.999999999995,link
1384,N1,LRP458f,20.9123889,92.2729716,25.999999999953616,link
1385,N1,LRP459,20.9122222,92.2729438,446.0000000000264,link
1386,N1,LRP459a,20.9088889,92.275166,47.000000000025466,link
1387,N1,LRP459b,20.9085556,92.2753604,237.99999999999955,link
1388,N1,LRP459c,20.90675,92.2764993,122.99999999999045,link
1389,N1,LRP459d,20.9059444,92.2771104,145.99999999995816,link
1390,N1,LRP460,20.9048333,92.277916,16.999999999995907,link
1391,N1,LRP460a,20.9047222,92.2779716,194.00000000001683,link
1392,N1,LRP460b,20.9033333,92.2789438,103.00000000000864,link
1393,N1,LRP460c,20.9027222,92.279416,310.9999999999786,link
1394,N1,LRP460d,20.9003333,92.2807216,36.000000000001364,link
1395,N1,LRP460e,20.9001111,92.2809716,112.99999999999955,link
1396,N1,LRP460f,20.8994441,92.2817216,164.0000000000441,link
1397,N1,LRP460g,20.8984719,92.2828604,46.99999999996862,link
1398,N1,LRP460h,20.8982219,92.283166,14.999999999986358,link
1399,N1,LRP461,20.8981108,92.2832493,22.000000000048203,link
1400,N1,LRP461a,20.8980274,92.283333,52.99999999999727,link
1401,N1,LRP461b,20.8977497,92.2836941,209.99999999997954,link
1402,N1,LRP461c,20.8969163,92.2854441,33.00000000001546,link
1403,N1,LRP461d,20.8967774,92.2857219,46.99999999996862,link
1404,N1,LRP461e,20.8965552,92.286083,218.9999999999941,link
1405,N1,LRP461f,20.8953608,92.2877219,84.00000000000318,link
1406,N1,LRP461g,20.8948052,92.2881941,103.00000000000864,link
1407,N1,LRP461h,20.894083,92.2887774,24.00000000000091,link
1408,N1,LRP461i,20.8939441,92.2889163,105.00000000001819,link
1409,N1,LRP461j,20.8932774,92.2896386,79.00000000000773,link
1410,N1,LRP461k,20.8927774,92.2901386,20.999999999958163,link
1411,N1,LRP462,20.8926386,92.2902774,171.0000000000491,link
1412,N1,LRP462a,20.8919163,92.2916663,19.99999999998181,link
1413,N1,LRP462b,20.8918886,92.2918052,55.999999999983174,link
1414,N1,LRP463,20.891833,92.2923052,742.0000000000186,link
1415,N1,LRP463a,20.8889163,92.2982497,14.999999999986358,link
1416,N1,LRP463b,20.888833,92.2983886,257.99999999998136,link
1417,N1,LRP464,20.8869441,92.2996386,133.0000000000382,link
1418,N1,LRP464a,20.8858608,92.2991941,473.99999999998954,link
1419,N1,LRP464b,20.8820271,92.2977774,430.9999999999832,link
1420,N1,LRP465,20.8782216,92.2977774,163.0000000000109,link
1421,N1,LRP465a,20.8768604,92.2978886,43.00000000000637,link
1422,N1,LRP465b,20.8764993,92.2978886,793.9999999999827,link
1423,N1,LRP466,20.8692771,92.2981386,50.00000000001137,link
1424,N1,LRP466a,20.8688604,92.2982219,427.99999999999727,link
1425,N1,LRP466b,20.8650278,92.2982497,42.00000000003001,link
1426,N1,LRP466c,20.8646667,92.2981941,177.99999999999727,link
1427,N1,LRP467,20.8629722,92.298083,129.99999999999545,link
1428,N1,LRPE,20.8629167,92.298083,,sink
